번호,자재ID,자재명,대분류,중분류,단위,규격,가격,색상,재고,공급업체,지점,메모
1,MA000014,미니트리,조화,트리류,,,3000,기타,23,마티아,릴리맥NC이스트폴점,
2,MA900014,열매봉 10cm,조화,소재(그린),,,9000,,1,미지정,릴리맥NC이스트폴점,
3,MB100014,높은원형바구니 3사이즈 1116,바구니 / 화기,바구니,,,7150,기타,4,현대데코,릴리맥NC이스트폴점,
4,MB100024,바구니 배불데기,바구니 / 화기,바구니,,,3850,기타,15,헌인자재-헌인,릴리맥NC이스트폴점,
5,MB100034,바구니 왕골 비너스 소,바구니 / 화기,바구니,,,3850,기타,9,헌인자재-헌인,릴리맥NC이스트폴점,
6,MB100044,바구니 왕골 비너스 중,바구니 / 화기,바구니,,,4950,,16,헌인자재-헌인,릴리맥NC이스트폴점,
7,MB100054,햇바스켓 라벤더 - 대,바구니 / 화기,바구니,,,6050,퍼플,2,현대데코,릴리맥NC이스트폴점,
8,MB100064,햇바스켓 베이직 - 중,바구니 / 화기,바구니,,,4950,,2,미지정,릴리맥NC이스트폴점,
9,MB100074,햇바스켓 연블루 - 대,바구니 / 화기,바구니,,,6050,블루,3,현대데코,릴리맥NC이스트폴점,
10,MB100084,헷바스켓 라벤더 - 중,바구니 / 화기,바구니,,,4950,퍼플,3,미지정,릴리맥NC이스트폴점,
11,MB200014,003LW,바구니 / 화기,도자기,,,20000,,8,미지정,릴리맥NC이스트폴점,
12,MB200024,리엔소그림화기3사이즈,바구니 / 화기,도자기,,,23100,기타,2,현대데코,릴리맥NC이스트폴점,
13,MB200034,핑크화분,바구니 / 화기,도자기,,,5500,핑크,40,미지정,릴리맥NC이스트폴점,
14,MB200044,핸드페인팅 화기  1181(동양소),바구니 / 화기,도자기,,,12100,,2,미지정,릴리맥NC이스트폴점,
15,MB200054,핸드페인팅 화기  1191 민트,바구니 / 화기,도자기,,,18700,기타,2,현대데코,릴리맥NC이스트폴점,
16,MB200064,핸드페인팅 화기 003SW,바구니 / 화기,도자기,,,16000,,8,기타,릴리맥NC이스트폴점,
17,MB200074,핸드페인팅 화기 1191 옐로우,바구니 / 화기,도자기,,,18700,옐로우,1,미지정,릴리맥NC이스트폴점,
18,MB200084,핸드페인팅화기1176(천사타원형),바구니 / 화기,도자기,,,18700,기타,1,현대데코,릴리맥NC이스트폴점,
19,MB200094,핸드프린팅 화기 1174,바구니 / 화기,도자기,,,26400,기타,2,현대데코,릴리맥NC이스트폴점,
20,MB200104,화기 말레20 화기 3색 11*20*9.5,바구니 / 화기,도자기,,,0,,0,현대데코,릴리맥NC이스트폴점,
21,MB200114,화기 무광 블랙 신신 13*13,바구니 / 화기,도자기,,,0,,0,미지정,릴리맥NC이스트폴점,
22,MB200124,화기 블랙원통,바구니 / 화기,도자기,,,6500,,2,신신도자기-양재,릴리맥NC이스트폴점,
23,MB200134,화기 소 사각 골드 현대데코 10*10,바구니 / 화기,도자기,,,0,,0,미지정,릴리맥NC이스트폴점,
24,MB200144,화기 소 실버 현대데코 10*10,바구니 / 화기,도자기,,,0,,0,미지정,릴리맥NC이스트폴점,
25,MB200154,화기 소 원통 블랙 10*10,바구니 / 화기,도자기,,,0,,0,미지정,릴리맥NC이스트폴점,
26,MB200164,화기 소 원통 실버 10*10,바구니 / 화기,도자기,,,0,,0,미지정,릴리맥NC이스트폴점,
27,MB200174,화기 소 원통 화이트 10*10,바구니 / 화기,도자기,,,3000,,10,신신도자기-양재,릴리맥NC이스트폴점,
28,MB200184,화기 유광 블랙 신신 14*14,바구니 / 화기,도자기,,,0,,0,미지정,릴리맥NC이스트폴점,
29,MB200194,화기 핸드페인팅  1185 15.5*16*11,바구니 / 화기,도자기,,,0,,0,현대데코,릴리맥NC이스트폴점,
30,MB200204,화기 핸드페인팅  1955-1 꽃과새 연두 14*15*10,바구니 / 화기,도자기,,,0,,0,현대데코,릴리맥NC이스트폴점,
31,MB200214,화기 핸드페인팅  1955-2 꽃과나비 노랑 14*15*10,바구니 / 화기,도자기,,,0,,0,현대데코,릴리맥NC이스트폴점,
32,MB200224,화기 핸드페인팅 2082 꽃과새 원형 14*14*9.5,바구니 / 화기,도자기,,,0,,0,현대데코,릴리맥NC이스트폴점,
33,MB200234,화기 핸드페인팅 화기 ,바구니 / 화기,도자기,,,18700,기타,2,현대데코,릴리맥NC이스트폴점,
34,MB200244,화기 핸드페인팅1176 20*12*14.5,바구니 / 화기,도자기,,,18700,,2,현대데코,릴리맥NC이스트폴점,
35,MB200254,화기 핸드프린팅  1174-2,바구니 / 화기,도자기,,,26400,,2,현대데코,릴리맥NC이스트폴점,
36,MB200264,화기 핸드프린팅  2080 16*15,바구니 / 화기,도자기,,,19800,,2,현대데코,릴리맥NC이스트폴점,
37,MB200274,화기 핸드프린팅 2204 꽃과새 육각 22*18.5*11,바구니 / 화기,도자기,,,0,,0,현대데코,릴리맥NC이스트폴점,
38,MB200284,화기 핸드프린팅 5플랜터  13.5*12*9.5,바구니 / 화기,도자기,,,0,,0,현대데코,릴리맥NC이스트폴점,
39,MB200294,화기 핸드프린팅 6플랜터  15.5*8*11.3,바구니 / 화기,도자기,,,0,,0,현대데코,릴리맥NC이스트폴점,
40,MB200304,화기 핸드프린팅 8오벌폿  20*12*14,바구니 / 화기,도자기,,,0,,0,현대데코,릴리맥NC이스트폴점,
41,MB200314,화분  화이트 단지 미니- 하모 8*9,바구니 / 화기,도자기,,,0,,0,하모화분,릴리맥NC이스트폴점,
42,MB200324,화분 231009L 이레 25*14,바구니 / 화기,도자기,,,0,회색,0,이레데코,릴리맥NC이스트폴점,
43,MB200334,화분 231009M 이레 20.5*11,바구니 / 화기,도자기,,,0,회색,0,이레데코,릴리맥NC이스트폴점,
44,MB200344,화분 521,바구니 / 화기,도자기,,,4000,기타,20,하모화분,릴리맥NC이스트폴점,
45,MB200354,화분 524,바구니 / 화기,도자기,,,2500,,30,미지정,릴리맥NC이스트폴점,
46,MB200364,화분 골드라인 블랙 대,바구니 / 화기,도자기,,,5250,옐로우,10,미지정,릴리맥NC이스트폴점,
47,MB200374,화분 골드라인 블랙 중,바구니 / 화기,도자기,,,3150,옐로우,12,제이앤데코,릴리맥NC이스트폴점,
48,MB200384,화분 골드라인 화이트 중,바구니 / 화기,도자기,,,3000,흰색,60,제이앤데코,릴리맥NC이스트폴점,
49,MB200394,화분 골드라인화분 화이트 대,바구니 / 화기,도자기,,,5000,흰색,34,미지정,릴리맥NC이스트폴점,
50,MB200404,화분 그레이 스트라이프 12*15,바구니 / 화기,도자기,,,0,회색,0,미지정,릴리맥NC이스트폴점,
51,MB200414,화분 그레이 스트라이프 14*17,바구니 / 화기,도자기,,,0,회색,0,미지정,릴리맥NC이스트폴점,
52,MB200424,화분 다각화기 하나데코 16*18,바구니 / 화기,도자기,,,0,,0,하모화분,릴리맥NC이스트폴점,
53,MB200434,화분 보트 중 이레,바구니 / 화기,도자기,,,0,화이트,0,이레데코,릴리맥NC이스트폴점,
54,MB200444,화분 블랙 골드라인 대 중앙,바구니 / 화기,도자기,,,0,블랙,0,중앙화분,릴리맥NC이스트폴점,
55,MB200454,화분 블랙 골드라인 소 중앙,바구니 / 화기,도자기,,,0,블랙,0,중앙화분,릴리맥NC이스트폴점,
56,MB200464,화분 블랙 골드라인 중 중앙,바구니 / 화기,도자기,,,0,블랙,0,중앙화분,릴리맥NC이스트폴점,
57,MB200474,화분 비정형 다각 블랙 소 이레,바구니 / 화기,도자기,,,0,블랙,0,이레데코,릴리맥NC이스트폴점,
58,MB200484,화분 비정형 다각 화이트 소 이레,바구니 / 화기,도자기,,,0,화이트,0,이레데코,릴리맥NC이스트폴점,
59,MB200494,화분 비정형 둥근사각 소 이레 21*16*9,바구니 / 화기,도자기,,,0,,0,이레데코,릴리맥NC이스트폴점,
60,MB200504,화분 비정형 둥근사각 소 이레 26*20*16,바구니 / 화기,도자기,,,0,,0,이레데코,릴리맥NC이스트폴점,
61,MB200514,화분 비정형 라운드 낮은화기 화이트 대 이레,바구니 / 화기,도자기,,,0,화이트,0,이레데코,릴리맥NC이스트폴점,
62,MB200524,화분 비정형 라운드 낮은화기 화이트 중 이레,바구니 / 화기,도자기,,,0,화이트,0,이레데코,릴리맥NC이스트폴점,
63,MB200534,화분 소 스트라이프,바구니 / 화기,도자기,,,4000,,20,하모화분,릴리맥NC이스트폴점,
64,MB200544,화분 안스리움 핑크 하모 15*12,바구니 / 화기,도자기,,,0,핑크,0,하모화분,릴리맥NC이스트폴점,
65,MB200554,화분 유로스톤 03,바구니 / 화기,도자기,,,9900,기타,6,유선농원,릴리맥NC이스트폴점,
66,MB200564,화분 유로스톤 07,바구니 / 화기,도자기,,,19800,,2,미지정,릴리맥NC이스트폴점,
67,MB200574,화분 유로스톤 밥그릇 19*20,바구니 / 화기,도자기,,,9900,,5,유선농원-헌인,릴리맥NC이스트폴점,
68,MB200584,화분 유로스톤 원형 대 30*26*22,바구니 / 화기,도자기,,,0,,0,미지정,릴리맥NC이스트폴점,
69,MB200594,화분 유로스톤 원형 중 26*20*17,바구니 / 화기,도자기,,,0,,0,미지정,릴리맥NC이스트폴점,
70,MB200604,화분 유로스톤 회색 스트라이프 20^20,바구니 / 화기,도자기,,,0,,0,미지정,릴리맥NC이스트폴점,
71,MB200614,화분 중 스트라이프 라운드 유선,바구니 / 화기,도자기,,,0,,0,중앙화분,릴리맥NC이스트폴점,
72,MB200624,화분 테라조 사각 소 중앙,바구니 / 화기,도자기,,,0,회색,0,중앙화분,릴리맥NC이스트폴점,
73,MB200634,화분 테라조 사각 중 중앙,바구니 / 화기,도자기,,,0,회색,0,중앙화분,릴리맥NC이스트폴점,
74,MB200644,화분 테라조 중앙 20*20,바구니 / 화기,도자기,,,0,,0,중앙화분,릴리맥NC이스트폴점,
75,MB200654,화분 핑크 단지 미니- 하모 8*9,바구니 / 화기,도자기,,,0,,0,하모화분,릴리맥NC이스트폴점,
76,MB200664,화분 핑크 스트라이프 11*11,바구니 / 화기,도자기,,,0,핑크,0,미지정,릴리맥NC이스트폴점,
77,MB200674,화분 핑크 스트라이프 15*15,바구니 / 화기,도자기,,,0,핑크,0,미지정,릴리맥NC이스트폴점,
78,MB200684,화분 호박분 대 이레,바구니 / 화기,도자기,,,0,회색,0,이레데코,릴리맥NC이스트폴점,
79,MB200694,화분 호박분 소 이레,바구니 / 화기,도자기,,,0,회색,0,이레데코,릴리맥NC이스트폴점,
80,MB200704,화분 호박분 중 이레,바구니 / 화기,도자기,,,0,회색,0,이레데코,릴리맥NC이스트폴점,
81,MB200714,화분 화이트 골드라인 대 중앙,바구니 / 화기,도자기,,,0,화이트,0,중앙화분,릴리맥NC이스트폴점,
82,MB200724,화분 화이트 골드라인 소 중앙,바구니 / 화기,도자기,,,0,화이트,0,중앙화분,릴리맥NC이스트폴점,
83,MB200734,화분 화이트 골드라인 중 중앙,바구니 / 화기,도자기,,,0,화이트,0,중앙화분,릴리맥NC이스트폴점,
84,MB200744,화분 화이트 스트라이프 11*11,바구니 / 화기,도자기,,,55000,화이트,1,하모화분-헌인,릴리맥NC이스트폴점,
85,MB200754,화분 화이트 스트라이프 12*13,바구니 / 화기,도자기,,,0,화이트,0,미지정,릴리맥NC이스트폴점,
86,MB200764,화분 화이트 스트라이프 12*15,바구니 / 화기,도자기,,,4400,화이트,20,하모화분-헌인,릴리맥NC이스트폴점,
87,MB200774,화분 화이트 스트라이프 14*17,바구니 / 화기,도자기,,,0,화이트,0,미지정,릴리맥NC이스트폴점,
88,MB200784,화분 화이트 스트라이프 14*17,바구니 / 화기,도자기,,,0,화이트,0,미지정,릴리맥NC이스트폴점,
89,MB200794,화분 화이트 스트라이프 15*15,바구니 / 화기,도자기,,,0,화이트,0,미지정,릴리맥NC이스트폴점,
90,MB200804,화분 화이트 스트라이프 대 20*26.5,바구니 / 화기,도자기,,,0,화이트,0,미지정,릴리맥NC이스트폴점,
91,MB300014,화병 13*6*13(H),바구니 / 화기,유리,,,0,,0,미지정,릴리맥NC이스트폴점,
92,MB300024,화병 194 우진유리 옐로우 10*19,바구니 / 화기,유리,,,0,,0,미지정,릴리맥NC이스트폴점,
93,MB300034,화병 194 우진유리 오팔 10*19,바구니 / 화기,유리,,,0,,0,미지정,릴리맥NC이스트폴점,
94,MB300044,화병 194 우진유리 핑크 10*19,바구니 / 화기,유리,,,0,,0,미지정,릴리맥NC이스트폴점,
95,MB300054,화병 194 우진유리 화이트 10*19,바구니 / 화기,유리,,,0,,0,미지정,릴리맥NC이스트폴점,
96,MB300064,화병 고블렛와인잔 이케아,바구니 / 화기,유리,,,2900,기타,50,이케아,릴리맥NC이스트폴점,
97,MB300074,화병 베레크나 이케아 14,바구니 / 화기,유리,,,2900,,0,이케아,릴리맥NC이스트폴점,
98,MB300084,화병 스트라이프 7.5*15.5*9,바구니 / 화기,유리,,,0,,0,미지정,릴리맥NC이스트폴점,
99,MB300094,화병 원통 유리실린더10*30,바구니 / 화기,유리,,,4000,기타,4,헌인자재,릴리맥NC이스트폴점,
100,MB300104,화병 카라프 이케아,바구니 / 화기,유리,,,2500,,0,이케아,릴리맥NC이스트폴점,
101,MB300114,화병 티드바텐 이케아 14,바구니 / 화기,유리,,,2900,,0,이케아,릴리맥NC이스트폴점,
102,MB300124,화병 포드라그 이케아,바구니 / 화기,유리,,,3000,,0,이케아,릴리맥NC이스트폴점,
103,MB300134,화병 H원 10x10,바구니 / 화기,유리,,,3000,,10,미지정,릴리맥NC이스트폴점,
104,MB400014,테라조화분,바구니 / 화기,테라조,,,12000,기타,59,제이앤데코,릴리맥NC이스트폴점,
105,MF000014,장미 오렌지트렌드서터 SP,생화,기타,,,14000,오렌지,1,월드플로라,릴리맥NC이스트폴점,
106,MF000024,히야신스 폰던트 연핑크,생화,기타,,,13440,핑크,1,미지정,릴리맥NC이스트폴점,
107,MF000074,미니장미 피칸토 SP,생화,장미류,,1단,10000,오렌지,2,공주플라워,릴리맥NC이스트폴점,
108,MF000084,미니장미 핑크 SP,생화,장미류,,1단,9000,핑크,1,일산플라워-양재,릴리맥NC이스트폴점,
109,MF000094,미니장미 연핑크 SP,생화,장미류,,1단,9000,핑크,1,일산플라워-양재,릴리맥NC이스트폴점,
110,MF000104,미니장미 산피나 SP,생화,장미류,,1단,14000,기타,1,일산플라워-양재,릴리맥NC이스트폴점,
111,MF000144,수선화 요한스트라우스,생화,기타,,,11520,,1,월드플로라,릴리맥NC이스트폴점,
112,MF000154,리시안서스 로지타 화이트,생화,기타,,,15264,,1,월드플로라,릴리맥NC이스트폴점,
113,MF000164,미니 델피늄 스카이블루,생화,필러플라워,,,10000,,3,꽃동산-양재,릴리맥NC이스트폴점,
114,MF000284,캄파눌라 화이트,생화,기타,,,8000,,1,꽃동산-양재,릴리맥NC이스트폴점,
115,MF000314,튤립 오렌지,생화,기타,,,10000,,1,꽃동산-양재,릴리맥NC이스트폴점,
116,MF000324,비스윗 장미,생화,기타,,,15000,,1,꽃동산-양재,릴리맥NC이스트폴점,
117,MF000334,작약 엔젤칙스,생화,기타,,,12000,,2,월드플로라,릴리맥NC이스트폴점,
118,MF000344,작약 레드,생화,폼플라워,,,5000,,4,매일농원-양재,릴리맥NC이스트폴점,
119,MF000474,리시안서스 로베라 핑크,생화,기타,,,19200,,1,월드플로라,릴리맥NC이스트폴점,
120,MF100014,미니장미 - 머메이드 SP,생화,장미류,,,15800,기타,1,월드플로라,릴리맥NC이스트폴점,
121,MF100024,미니장미 - 미코토 크림 SP,생화,장미류,,,18800,흰색,2,월드플로라,릴리맥NC이스트폴점,
122,MF100034,미니장미 수입 블랙뷰티 SP중국,생화,장미류,,,16500,블랙,1,월드플로라,릴리맥NC이스트폴점,
123,MF100044,미니장미 - 시크릿러브 SP,생화,장미류,,,15800,기타,1,월드플로라,릴리맥NC이스트폴점,
124,MF100054,미니장미 - 실바써니,생화,장미류,,,7000,기타,1,꽃동산,릴리맥NC이스트폴점,
125,MF100064,미니장미 - 알레그레아 SP 상,생화,장미류,,,13000,기타,1,월드플로라,릴리맥NC이스트폴점,
126,MF100074,미니장미 - 에그타르트 SP,생화,장미류,,,20000,기타,1,월드플로라,릴리맥NC이스트폴점,
127,MF100084,미니장미 - 웨딩인바이트 SP,생화,장미류,,,22000,기타,1,월드플로라,릴리맥NC이스트폴점,
128,MF100094,미니장미 - 율두스 SP,생화,장미류,,,23500,,1,미지정,릴리맥NC이스트폴점,
129,MF100104,미니장미 수입 프린세스 블러셔sp,생화,장미류,,,18500,,1,월드플로라,릴리맥NC이스트폴점,
130,MF100114,미니장미 - 피치팡팡 SP 상,생화,장미류,,,15800,핑크,1,월드플로라,릴리맥NC이스트폴점,
131,MF100124,미니장미 수입 가넷잼 sp,생화,장미류,,,24000,,1,미지정,릴리맥NC이스트폴점,
132,MF100134,미니장미 굿무드 sp,생화,장미류,,,12960,,3,월드플로라,릴리맥NC이스트폴점,
133,MF100144,미니장미 기젤라 SP,생화,장미류,,,9000,,1,미지정,릴리맥NC이스트폴점,
134,MF100154,미니장미 나르샤 SP,생화,장미류,,,21600,기타,1,월드플로라,릴리맥NC이스트폴점,
135,MF100164,미니장미 러브 SP (중국),생화,장미류,,,18800,기타,1,월드플로라,릴리맥NC이스트폴점,
136,MF100174,미니장미 럭키플로우sp,생화,장미류,,,19200,,1,미지정,릴리맥NC이스트폴점,
137,MF100184,미니장미 레드 SP,생화,장미류,,,8000,레드,1,미지정,릴리맥NC이스트폴점,
138,MF100194,미니장미 마이네리브 SP,생화,장미류,,,18000,,2,미지정,릴리맥NC이스트폴점,
139,MF100204,미니장미 마이네리브 SP (국산),생화,장미류,,,18000,기타,2,월드플로라,릴리맥NC이스트폴점,
140,MF100214,미니장미 바이올렛 레이디 sp (국산),생화,장미류,,,14000,퍼플,1,월드플로라,릴리맥NC이스트폴점,
141,MF100224,미니장미 반드레오sp,생화,장미류,,,23800,,3,미지정,릴리맥NC이스트폴점,
142,MF100234,미니장미 본본 SP (에콰도르),생화,장미류,,,22500,기타,1,월드플로라,릴리맥NC이스트폴점,
143,MF100244,미니장미 수입 블랙뷰티 SP중국,생화,장미류,,,16500,블랙,1,월드플로라,릴리맥NC이스트폴점,
144,MF100254,미니장미 블루밍sp,생화,장미류,,,18500,블루,1,월드플로라,릴리맥NC이스트폴점,
145,MF100264,미니장미 비포선셋 sp,생화,장미류,,,18500,,1,미지정,릴리맥NC이스트폴점,
146,MF100274,미니장미 빌랑드리 SP,생화,장미류,,,18900,,2,미지정,릴리맥NC이스트폴점,
147,MF100284,미니장미 선글로우,생화,장미류,,,15000,기타,1,강남(중매1659),릴리맥NC이스트폴점,
148,MF100294,미니장미 쉬라즈 SP,생화,장미류,,,25000,기타,1,월드플로라,릴리맥NC이스트폴점,
149,MF100304,미니장미 스노우블라썸 SP,생화,장미류,,,35000,흰색,1,미지정,릴리맥NC이스트폴점,
150,MF100314,미니장미 스윗스타 SP,생화,장미류,,,16500,,1,미지정,릴리맥NC이스트폴점,
151,MF100324,미니장미 스윗핑크 SP,생화,장미류,,,12480,핑크,7,월드플로라,릴리맥NC이스트폴점,
152,MF100334,미니장미 수입 스카이풀스타연핑크sp중국,생화,장미류,,,23800,핑크,1,미지정,릴리맥NC이스트폴점,
153,MF100344,미니장미 스텔링센세이션 sp,생화,장미류,,,13000,,1,미지정,릴리맥NC이스트폴점,
154,MF100354,미니장미 실바써니sp,생화,장미류,,,12480,,3,월드플로라,릴리맥NC이스트폴점,
155,MF100364,미니장미 썬플로우 sp,생화,장미류,,,15000,,1,미지정,릴리맥NC이스트폴점,
156,MF100374,미니장미 썸머파티 SP,생화,장미류,,,16000,,1,미지정,릴리맥NC이스트폴점,
157,MF100384,미니장미 씨씨미카도sp,생화,장미류,,,15000,,4,미지정,릴리맥NC이스트폴점,
158,MF100394,미니장미 수입 아모니루sp,생화,장미류,,,16500,,1,미지정,릴리맥NC이스트폴점,
159,MF100404,미니장미 아모르젠피지 SP,생화,장미류,,,19200,,1,미지정,릴리맥NC이스트폴점,
160,MF100414,미니장미 수입 아프리콧 테라자sp중국,생화,장미류,,,15840,,1,미지정,릴리맥NC이스트폴점,
161,MF100424,미니장미 어텀파티 SP,생화,장미류,,,18000,,1,미지정,릴리맥NC이스트폴점,
162,MF100434,미니장미 에그타르트sp,생화,장미류,,,13000,,1,미지정,릴리맥NC이스트폴점,
163,MF100444,미니장미 수입 올드로즈판타지 딸기 sp (중국),생화,장미류,,,15800,기타,1,월드플로라,릴리맥NC이스트폴점,
164,MF100454,미니장미 수입 올드로즈판타지 딸기 sp (중국),생화,장미류,,,15800,기타,1,월드플로라,릴리맥NC이스트폴점,
165,MF100464,미니장미 왈츠 SP,생화,장미류,,,18800,,1,미지정,릴리맥NC이스트폴점,
166,MF100474,미니장미 요요 sp,생화,장미류,,,7000,,2,미지정,릴리맥NC이스트폴점,
167,MF100484,미니장미 웨딩드레스 sp,생화,장미류,,,18048,,1,미지정,릴리맥NC이스트폴점,
168,MF100494,미니장미 웨딩인바이트 SP,생화,장미류,,,17000,기타,2,꽃동산-양재,릴리맥NC이스트폴점,
169,MF100504,미니장미 윙크알루어 sp,생화,장미류,,,19200,,1,미지정,릴리맥NC이스트폴점,
170,MF100514,미니장미 율두스 SP,생화,장미류,,,11040,옐로우,2,월드플로라,릴리맥NC이스트폴점,
171,MF100524,미니장미 퍼플스커트 SP (중국) (월플),생화,장미류,,,16500,퍼플,1,미지정,릴리맥NC이스트폴점,
172,MF100534,미니장미 페어리키스sp,생화,장미류,,,18500,,1,미지정,릴리맥NC이스트폴점,
173,MF100544,미니장미 수입 피치테라자 SP,생화,장미류,,,16500,핑크,1,월드플로라,릴리맥NC이스트폴점,
174,MF100554,미니장미 피치팡팡 SP,생화,장미류,,,20000,핑크,1,월드플로라,릴리맥NC이스트폴점,
175,MF100564,미니장미 햇살 sp,생화,장미류,,,22600,기타,1,꽃도매119,릴리맥NC이스트폴점,
176,MF100574,미니장미 수입 화이트버블sp중국,생화,장미류,,,17760,흰색,3,월드플로라,릴리맥NC이스트폴점,
177,MF100584,미니장미- 유키히메 SP,생화,장미류,,,20000,,1,미지정,릴리맥NC이스트폴점,
178,MF100594,미니장미-팔레그리아,생화,장미류,,,15000,기타,2,다원화뭔160호,릴리맥NC이스트폴점,
179,MF100604,자나장미,생화,장미류,,,20000,기타,1,일산플라워,릴리맥NC이스트폴점,
180,MF100614,장미  마르시아,생화,장미류,,,9000,,1,미지정,릴리맥NC이스트폴점,
181,MF100624,장미  쥬밀리아,생화,장미류,,,12000,기타,3,꽃동산-양재,릴리맥NC이스트폴점,
182,MF100634,장미  코랄,생화,장미류,,,14000,기타,1,일산플라워,릴리맥NC이스트폴점,
183,MF100644,장미 - 까르페디엠,생화,장미류,,,18500,기타,1,월드플로라,릴리맥NC이스트폴점,
184,MF100654,장미 - 나오미 레드,생화,장미류,,,11500,레드,1,미지정,릴리맥NC이스트폴점,
185,MF100664,장미 - 루비레드,생화,장미류,,,18000,레드,1,월드플로라,릴리맥NC이스트폴점,
186,MF100674,장미 - 리바이벌,생화,장미류,,,12500,,1,미지정,릴리맥NC이스트폴점,
187,MF100684,장미 수입 - 몬디알 화이트,생화,장미류,,,15840,기타,3,월드플로라,릴리맥NC이스트폴점,
188,MF100694,장미 - 슈가돌,생화,장미류,,,16000,기타,1,월드플로라,릴리맥NC이스트폴점,
189,MF100704,장미 - 스타플래티넘,생화,장미류,,,15000,기타,3,월드플로라,릴리맥NC이스트폴점,
190,MF100714,장미 - 스프링레이디 상,생화,장미류,,,17500,,1,미지정,릴리맥NC이스트폴점,
191,MF100724,장미 - 아발란체 화이트,생화,장미류,,,14000,흰색,1,월드플로라,릴리맥NC이스트폴점,
192,MF100734,장미 - 오렌지크러쉬,생화,장미류,,,15500,오렌지,2,월드플로라,릴리맥NC이스트폴점,
193,MF100744,장미 - 올포러브,생화,장미류,,,10000,기타,3,월드플로라,릴리맥NC이스트폴점,
194,MF100754,장미 - 줄리엣,생화,장미류,,,14000,기타,1,월드플로라,릴리맥NC이스트폴점,
195,MF100764,장미 - 카바레,생화,장미류,,,15000,기타,1,월드플로라,릴리맥NC이스트폴점,
196,MF100774,장미 - 캐리,생화,장미류,,,15500,기타,1,월드플로라,릴리맥NC이스트폴점,
197,MF100784,장미 - 코랄리프,생화,장미류,,,15264,,7,월드플로라,릴리맥NC이스트폴점,
198,MF100794,장미 - 티나,생화,장미류,,,11500,,1,미지정,릴리맥NC이스트폴점,
199,MF100804,장미 - 티파니,생화,장미류,,,14000,,1,미지정,릴리맥NC이스트폴점,
200,MF100814,장미 - 헤라,생화,장미류,,,7000,기타,2,희플라워,릴리맥NC이스트폴점,
201,MF100824,장미 고빈다 (콜롬비아),생화,장미류,,,16500,기타,1,월드폴로라,릴리맥NC이스트폴점,
202,MF100834,장미 골드트렌디세터,생화,장미류,,,14000,옐로우,1,월드플로라,릴리맥NC이스트폴점,
203,MF100844,장미 골든킹,생화,장미류,,,30000,,1,미지정,릴리맥NC이스트폴점,
204,MF100854,장미 골든트랜드세터,생화,장미류,,,13000,기타,4,일산플라워,릴리맥NC이스트폴점,
205,MF100864,장미 굿무드외대,생화,장미류,,,14400,,1,미지정,릴리맥NC이스트폴점,
206,MF100874,장미 그레이스켈리,생화,장미류,,,5250,,2,미지정,릴리맥NC이스트폴점,
207,MF100884,장미 나이팅게일,생화,장미류,,,8900,,1,미지정,릴리맥NC이스트폴점,
208,MF100894,장미 노비아,생화,장미류,,,15800,,1,미지정,릴리맥NC이스트폴점,
209,MF100904,장미 니코로빈,생화,장미류,,,12500,,1,미지정,릴리맥NC이스트폴점,
210,MF100914,장미 다이에나,생화,장미류,,,14400,기타,1,월드플로라,릴리맥NC이스트폴점,
211,MF100924,장미 달리,생화,장미류,,,22800,,1,미지정,릴리맥NC이스트폴점,
212,MF100934,장미 더블데이트,생화,장미류,,,9000,,1,미지정,릴리맥NC이스트폴점,
213,MF100944,장미 데자뷰,생화,장미류,,,15264,,4,월드플로라,릴리맥NC이스트폴점,
214,MF100954,장미 도라,생화,장미류,,,12800,,1,미지정,릴리맥NC이스트폴점,
215,MF100964,장미 드래프트 원 SP,생화,장미류,,,16000,,1,미지정,릴리맥NC이스트폴점,
216,MF100974,장미 드림바비 sp,생화,장미류,,,24000,,1,미지정,릴리맥NC이스트폴점,
217,MF100984,장미 디온sp,생화,장미류,,,7000,,1,미지정,릴리맥NC이스트폴점,
218,MF100994,장미 딥실버,생화,장미류,,,15800,실버,1,미지정,릴리맥NC이스트폴점,
219,MF101004,장미 라가자,생화,장미류,,,15800,,1,미지정,릴리맥NC이스트폴점,
220,MF101014,장미 라미솔,생화,장미류,,,20160,,1,미지정,릴리맥NC이스트폴점,
221,MF101024,장미 라타나,생화,장미류,,,15000,,1,미지정,릴리맥NC이스트폴점,
222,MF101034,장미 런던아이,생화,장미류,,,12000,,1,미지정,릴리맥NC이스트폴점,
223,MF101044,장미 로미오,생화,장미류,,,14000,,1,미지정,릴리맥NC이스트폴점,
224,MF101054,장미 루비레드,생화,장미류,,,8000,레드,1,미지정,릴리맥NC이스트폴점,
225,MF101064,장미 리바이벌,생화,장미류,,,12000,,1,미지정,릴리맥NC이스트폴점,
226,MF101074,장미 마더오브펄 (콜롬비아),생화,장미류,,,15800,기타,1,월드플로라,릴리맥NC이스트폴점,
227,MF101084,장미 마루시아,생화,장미류,,,10000,,1,일산플라워,릴리맥NC이스트폴점,
228,MF101094,장미 마리포사,생화,장미류,,,12000,기타,7,꽃동산,릴리맥NC이스트폴점,
229,MF101104,장미 마릴린먼로,생화,장미류,,,11500,기타,1,월드플로라,릴리맥NC이스트폴점,
230,MF101114,장미 수입 만달라,생화,장미류,,,15000,,17,꽃동산-양재,릴리맥NC이스트폴점,
231,MF101124,장미 맘마미아,생화,장미류,,,15800,,1,미지정,릴리맥NC이스트폴점,
232,MF101134,장미 매직트랜드세터,생화,장미류,,,10000,기타,1,일산플라워,릴리맥NC이스트폴점,
233,MF101144,장미 맨스필드파크SP,생화,장미류,,,13000,기타,2,일산플라워,릴리맥NC이스트폴점,
234,MF101154,장미 수입 모멘텀,생화,장미류,,,17000,,3,꽃동산-양재,릴리맥NC이스트폴점,
235,MF101164,장미 문스톤,생화,장미류,,,17000,,1,미지정,릴리맥NC이스트폴점,
236,MF101174,장미 문워크,생화,장미류,,,10900,,1,미지정,릴리맥NC이스트폴점,
237,MF101184,장미 미스틱오션,생화,장미류,,,9300,기타,1,월드플로라,릴리맥NC이스트폴점,
238,MF101194,장미 미스홀랜드,생화,장미류,,,14500,,1,미지정,릴리맥NC이스트폴점,
239,MF101204,장미 미스홀랜드 (국산),생화,장미류,,,15000,,1,월드플로라,릴리맥NC이스트폴점,
240,MF101214,장미 발퀴레,생화,장미류,,,14000,,1,미지정,릴리맥NC이스트폴점,
241,MF101224,장미 수입 버터컵,생화,장미류,,,15000,,2,꽃동산-양재,릴리맥NC이스트폴점,
242,MF101234,장미 브라이튼,생화,장미류,,,15500,,1,미지정,릴리맥NC이스트폴점,
243,MF101244,장미 블루,생화,장미류,,,20000,블루,8,꽃동산-양재,릴리맥NC이스트폴점,
244,MF101254,장미 블루드림,생화,장미류,,,17000,블루,1,미지정,릴리맥NC이스트폴점,
245,MF101264,장미 비하이브,생화,장미류,,,12000,,2,미지정,릴리맥NC이스트폴점,
246,MF101274,장미 빅토리아,생화,장미류,,,13000,기타,1,월드플로라,릴리맥NC이스트폴점,
247,MF101284,장미 빅토리안시크릿,생화,장미류,,,15800,,1,미지정,릴리맥NC이스트폴점,
248,MF101294,장미 사리나 레드,생화,장미류,,,11500,레드,1,미지정,릴리맥NC이스트폴점,
249,MF101304,장미 산토리니,생화,장미류,,,7000,기타,1,일산플라워,릴리맥NC이스트폴점,
250,MF101314,장미 샤만트 (국산),생화,장미류,,,6250,기타,2,월드플로라,릴리맥NC이스트폴점,
251,MF101324,장미 셀레브레이션,생화,장미류,,,12200,,1,미지정,릴리맥NC이스트폴점,
252,MF101334,장미 수스삐로,생화,장미류,,,21120,기타,1,월드플로라,릴리맥NC이스트폴점,
253,MF101344,장미 쉘웨이,생화,장미류,,,4000,,1,미지정,릴리맥NC이스트폴점,
254,MF101354,장미 슈가밤,생화,장미류,,,7392,,4,월드플로라,릴리맥NC이스트폴점,
255,MF101364,장미 스위트아발란체,생화,장미류,,,12960,기타,1,월드플로라,릴리맥NC이스트폴점,
256,MF101374,장미 스타플래티넘,생화,장미류,,,15800,기타,1,월드플로라,릴리맥NC이스트폴점,
257,MF101384,장미 스틸레토,생화,장미류,,,14000,,1,미지정,릴리맥NC이스트폴점,
258,MF101394,장미 시크릿러브,생화,장미류,,,16500,,1,미지정,릴리맥NC이스트폴점,
259,MF101404,장미 신에블,생화,장미류,,,8000,,1,일산플라워,릴리맥NC이스트폴점,
260,MF101414,장미 썸머로망스,생화,장미류,,,14000,,1,미지정,릴리맥NC이스트폴점,
261,MF101424,장미 아발란체 화이트 (중국),생화,장미류,,,12000,흰색,1,미지정,릴리맥NC이스트폴점,
262,MF101434,장미 아약스,생화,장미류,,,11500,,1,미지정,릴리맥NC이스트폴점,
263,MF101444,장미 안네슬리,생화,장미류,,,22000,,1,미지정,릴리맥NC이스트폴점,
264,MF101454,장미 어피니티,생화,장미류,,,19000,,1,미지정,릴리맥NC이스트폴점,
265,MF101464,장미 언포겟,생화,장미류,,,8000,기타,1,일산플라워,릴리맥NC이스트폴점,
266,MF101474,장미 수입 옐로비치,생화,장미류,,,15000,기타,15,J.S플라워,릴리맥NC이스트폴점,
267,MF101484,장미 오렌지,생화,장미류,,,10000,오렌지,1,미지정,릴리맥NC이스트폴점,
268,MF101494,장미 오렌지골드 SP,생화,장미류,,,15800,옐로우,1,미지정,릴리맥NC이스트폴점,
269,MF101504,장미 오렌지크러쉬,생화,장미류,,,15000,오렌지,1,미지정,릴리맥NC이스트폴점,
270,MF101514,장미 오렌지트랜드세터sp,생화,장미류,,,14000,오렌지,1,미지정,릴리맥NC이스트폴점,
271,MF101524,장미 오번가,생화,장미류,,,10000,,1,미지정,릴리맥NC이스트폴점,
272,MF101534,장미 오션퍼플,생화,장미류,,,15840,퍼플,1,미지정,릴리맥NC이스트폴점,
273,MF101544,장미 오션하트 (중국) (월플),생화,장미류,,,12500,,1,미지정,릴리맥NC이스트폴점,
274,MF101554,장미 오하라 화이트,생화,장미류,,,8900,흰색,1,미지정,릴리맥NC이스트폴점,
275,MF101564,장미 올포러브,생화,장미류,,,8640,,2,월드플로라,릴리맥NC이스트폴점,
276,MF101574,장미 이벳 sp,생화,장미류,,,11000,기타,1,일산플라워,릴리맥NC이스트폴점,
277,MF101584,장미 제제벨 sp,생화,장미류,,,19500,,1,미지정,릴리맥NC이스트폴점,
278,MF101594,장미 줄리에타(줄리엣)SP,생화,장미류,,,10000,기타,2,일산플라워,릴리맥NC이스트폴점,
279,MF101604,장미 쥬밀리아,생화,장미류,,,12400,,546,미지정,릴리맥NC이스트폴점,
280,MF101614,장미 쥬시테라자 SP,생화,장미류,,,22560,,1,미지정,릴리맥NC이스트폴점,
281,MF101624,미니장미 수입 치어걸sp 중국,생화,장미류,,,15840,,1,미지정,릴리맥NC이스트폴점,
282,MF101634,장미 카탈리나,생화,장미류,,,19900,기타,1,꽃도매119,릴리맥NC이스트폴점,
283,MF101644,장미 카팅카 SP,생화,장미류,,,8640,,2,월드플로라,릴리맥NC이스트폴점,
284,MF101654,장미 수입 캔들라이트,생화,장미류,,,15000,,6,꽃동산-양재,릴리맥NC이스트폴점,
285,MF101664,장미 수입 컨트리블루스,생화,장미류,,,15000,블루,3,꽃동산-양재,릴리맥NC이스트폴점,
286,MF101674,장미 케이라,생화,장미류,,,14000,,1,미지정,릴리맥NC이스트폴점,
287,MF101684,미니장미 수입 코랄테라자sp(중국),생화,장미류,,,16500,,1,미지정,릴리맥NC이스트폴점,
288,MF101694,장미 수입 코럴리프,생화,장미류,,,15000,기타,1,JS플라워,릴리맥NC이스트폴점,
289,MF101704,장미 퀘스트,생화,장미류,,,7,기타,1,꽃도매119,릴리맥NC이스트폴점,
290,MF101714,장미 클라린스,생화,장미류,,,8000,기타,2,월드플로라,릴리맥NC이스트폴점,
291,MF101724,장미 킴벌리,생화,장미류,,,15000,,1,미지정,릴리맥NC이스트폴점,
292,MF101734,장미 킹스데이,생화,장미류,,,10900,,1,미지정,릴리맥NC이스트폴점,
293,MF101744,장미 킹스데이 오렌지,생화,장미류,,,9300,오렌지,1,미지정,릴리맥NC이스트폴점,
294,MF101754,장미 타이니크 (중국),생화,장미류,,,11500,,1,미지정,릴리맥NC이스트폴점,
295,MF101764,장미 티나,생화,장미류,,,12000,,1,미지정,릴리맥NC이스트폴점,
296,MF101774,장미 푸에고,생화,장미류,,,15000,,1,미지정,릴리맥NC이스트폴점,
297,MF101784,장미 수입 프리덤,생화,장미류,,,15264,,7,월드플로라,릴리맥NC이스트폴점,
298,MF101794,장미 프리스피릿,생화,장미류,,,10900,,1,미지정,릴리맥NC이스트폴점,
299,MF101804,미니장미 수입 프린세스 미스틱sp,생화,장미류,,,18048,기타,2,월드플로라,릴리맥NC이스트폴점,
300,MF101814,미니장미 수입 프린세스 블러셔sp,생화,장미류,,,18500,,1,월드플로라,릴리맥NC이스트폴점,
301,MF101824,장미 피노키오,생화,장미류,,,21000,,2,미지정,릴리맥NC이스트폴점,
302,MF101834,장미 핑크아미,생화,장미류,,,21800,핑크,1,미지정,릴리맥NC이스트폴점,
303,MF101844,장미 핑크오하라,생화,장미류,,,10900,핑크,1,미지정,릴리맥NC이스트폴점,
304,MF101854,장미 핑크오하라 (중국),생화,장미류,,,12500,핑크,1,미지정,릴리맥NC이스트폴점,
305,MF101864,장미 핑크파티,생화,장미류,,,7900,핑크,1,미지정,릴리맥NC이스트폴점,
306,MF101874,장미 하젤,생화,장미류,,,12000,,6,월드플로라,릴리맥NC이스트폴점,
307,MF101884,장미 핫블러드,생화,장미류,,,10500,기타,2,월드플로라,릴리맥NC이스트폴점,
308,MF101894,장미 해라,생화,장미류,,,9800,,1,미지정,릴리맥NC이스트폴점,
309,MF101904,장미 햇살,생화,장미류,,,11520,기타,1,월드플로라,릴리맥NC이스트폴점,
310,MF101914,장미 헤르모사,생화,장미류,,,16500,,1,미지정,릴리맥NC이스트폴점,
311,MF101924,장미 화이트쉼머,생화,장미류,,,15840,흰색,4,월드플로라,릴리맥NC이스트폴점,
312,MF101934,장미 화이트아발란체,생화,장미류,,,8900,흰색,2,월드플로라,릴리맥NC이스트폴점,
313,MF101944,장미 수입 프라우드,생화,장미류,,,15000,레드,6,꽃동산-양재,릴리맥NC이스트폴점,
314,MF101954,미니장미 수입 프린세스스키 sp중국,생화,장미류,,,0,핑크,0,월드플로라,릴리맥NC이스트폴점,
315,MF101974,장미 치어플 sp,생화,장미류,ea,,8000,,1,강남,릴리맥NC이스트폴점,
316,MF101984,장미 브리트니 sp,생화,장미류,ea,,9000,,1,강남,릴리맥NC이스트폴점,
317,MF102074,미니장미 스노우버블,생화,장미류,ea,,10000,,1,강남,릴리맥NC이스트폴점,
318,MF102084,장미 비스위트,생화,장미류,ea,,15000,,1,꽃동산-양재,릴리맥NC이스트폴점,
319,MF200014,거베라  스파이더 미니 크림스핀,생화,거베라류,,,6240,흰색,2,월드플로라,릴리맥NC이스트폴점,
320,MF200024,거베라 - 미니 스노우,생화,거베라류,,,6528,흰색,16,월드플로라,릴리맥NC이스트폴점,
321,MF200034,거베라 - 미니 쥬나,생화,거베라류,,,7500,,3,미지정,릴리맥NC이스트폴점,
322,MF200044,거베라 - 미니 캐럿,생화,거베라류,,,14000,,1,미지정,릴리맥NC이스트폴점,
323,MF200054,거베라 - 미니 핑크,생화,거베라류,,,3000,핑크,2,플라워뱅크,릴리맥NC이스트폴점,
324,MF200064,거베라 - 스파이더 노랑,생화,거베라류,,,11500,옐로우,1,미지정,릴리맥NC이스트폴점,
325,MF200074,거베라 - 스파이더 화이트,생화,거베라류,,,5000,흰색,3,일산플라워-양재,릴리맥NC이스트폴점,
326,MF200084,거베라 미니 다크레드,생화,거베라류,,,3000,레드,2,일산플라워-양재,릴리맥NC이스트폴점,
327,MF200094,거베라 미니 듀엣,생화,거베라류,,,9500,기타,1,월드플로라,릴리맥NC이스트폴점,
328,MF200104,거베라 미니 딕슨,생화,거베라류,,,8500,,1,미지정,릴리맥NC이스트폴점,
329,MF200114,거베라 미니 레드,생화,거베라류,,,6200,레드,1,월드플로라,릴리맥NC이스트폴점,
330,MF200124,거베라 미니 레드 흑심,생화,거베라류,,,9000,레드,1,미지정,릴리맥NC이스트폴점,
331,MF200134,거베라 미니 마카롱,생화,거베라류,,,5664,,4,월드플로라,릴리맥NC이스트폴점,
332,MF200144,거베라 미니 미키,생화,거베라류,,,8900,,1,미지정,릴리맥NC이스트폴점,
333,MF200154,거베라 미니 밀레이디,생화,거베라류,,,11040,,2,미지정,릴리맥NC이스트폴점,
334,MF200164,거베라 미니 버건디,생화,거베라류,,,6240,,2,월드플로라,릴리맥NC이스트폴점,
335,MF200174,거베라 미니 뷀타 (국산),생화,거베라류,,,9000,,1,미지정,릴리맥NC이스트폴점,
336,MF200184,거베라 미니 서퍼,생화,거베라류,,,3000,,8,꽃동산-양재,릴리맥NC이스트폴점,
337,MF200194,거베라 미니 센시니,생화,거베라류,,,14880,,1,미지정,릴리맥NC이스트폴점,
338,MF200204,거베라 미니 써닛,생화,거베라류,,,14000,,1,미지정,릴리맥NC이스트폴점,
339,MF200214,거베라 미니 아이보리,생화,거베라류,,,14000,,1,미지정,릴리맥NC이스트폴점,
340,MF200224,거베라 미니 아키노,생화,거베라류,,,9000,,1,미지정,릴리맥NC이스트폴점,
341,MF200234,거베라 미니 연핑크,생화,거베라류,,,7392,핑크,10,월드플로라,릴리맥NC이스트폴점,
342,MF200244,거베라 미니 연핑크 상 (국산),생화,거베라류,,,7000,핑크,1,월드플로라,릴리맥NC이스트폴점,
343,MF200254,거베라 미니 옐로우,생화,거베라류,,,5000,옐로우,2,일산플라워,릴리맥NC이스트폴점,
344,MF200264,거베라 미니 오렌지샤인,생화,거베라류,,,5952,오렌지,6,월드플로라,릴리맥NC이스트폴점,
345,MF200274,거베라 미니 이즈칸테,생화,거베라류,,,11520,기타,3,월드플로라,릴리맥NC이스트폴점,
346,MF200284,거베라 미니 진노랑,생화,거베라류,,,9000,옐로우,2,월드플로라,릴리맥NC이스트폴점,
347,MF200294,거베라 미니 진핑크,생화,거베라류,,,3000,핑크,5,꽃동산-양재,릴리맥NC이스트폴점,
348,MF200304,거베라 미니 치얼스,생화,거베라류,,,8500,,1,미지정,릴리맥NC이스트폴점,
349,MF200314,거베라 미니 카페,생화,거베라류,,,7500,,1,미지정,릴리맥NC이스트폴점,
350,MF200324,거베라 미니 캐럿 (국산),생화,거베라류,,,9000,,1,미지정,릴리맥NC이스트폴점,
351,MF200334,거베라 미니 커런트,생화,거베라류,,,9000,,1,미지정,릴리맥NC이스트폴점,
352,MF200344,거베라 미니 피치,생화,거베라류,,,7500,핑크,1,미지정,릴리맥NC이스트폴점,
353,MF200354,거베라 미니 핑크코랄,생화,거베라류,,,10000,핑크,1,미지정,릴리맥NC이스트폴점,
354,MF200364,거베라 미니화이트,생화,거베라류,,,5000,흰색,3,꽃동산-양재,릴리맥NC이스트폴점,
355,MF200374,거베라 스파이더 망고,생화,거베라류,,,16500,오렌지,1,미지정,릴리맥NC이스트폴점,
356,MF200384,거베라 스파이더 미니 레드,생화,거베라류,,,5000,레드,4,강남원예-양재,릴리맥NC이스트폴점,
357,MF200394,거베라 스파이더 미니 레드 흑심,생화,거베라류,,,7500,레드,1,월드플로라,릴리맥NC이스트폴점,
358,MF200404,거베라 스파이더 미니 오렌지,생화,거베라류,,,8000,오렌지,1,미지정,릴리맥NC이스트폴점,
359,MF200414,거베라 스파이더 미니크림스핀,생화,거베라류,,,12000,흰색,1,월드플로라,릴리맥NC이스트폴점,
360,MF200424,거베라 스파이더 센시니,생화,거베라류,,,11040,기타,1,월드플로라,릴리맥NC이스트폴점,
361,MF200434,거베라 스파이더 오렌지,생화,거베라류,,,6240,오렌지,1,월드플로라,릴리맥NC이스트폴점,
362,MF200444,거베라 스파이더 주황,생화,거베라류,1단,,7000,오렌지,1,꽃동산,릴리맥NC이스트폴점,
363,MF200454,거베라 스파이더 진핑크,생화,거베라류,,,8000,핑크,2,꽃동산-양재,릴리맥NC이스트폴점,
364,MF200464,거베라 스파이더 화이트,생화,거베라류,,,5000,흰색,3,일산플라워,릴리맥NC이스트폴점,
365,MF200474,거베라 파스타 카보나라,생화,거베라류,,,7488,기타,1,월드플로라,릴리맥NC이스트폴점,
366,MF200484,거베라 파스타 페사로,생화,거베라류,,,5664,,3,월드플로라,릴리맥NC이스트폴점,
367,MF200494,거베라 파스타 피치,생화,거베라류,,,6240,핑크,2,월드플로라,릴리맥NC이스트폴점,
368,MF200504,거베라 파스티니 체세나,생화,거베라류,,,7000,기타,1,월드플로라,릴리맥NC이스트폴점,
369,MF200514,거베라 파스티니 페사로,생화,거베라류,,,8900,,1,미지정,릴리맥NC이스트폴점,
370,MF200524,거베라 폼포니 옐로우,생화,거베라류,,,8000,옐로우,1,미지정,릴리맥NC이스트폴점,
371,MF200534,거베라 폼포니 체리와인,생화,거베라류,,,5280,기타,4,월드플로라,릴리맥NC이스트폴점,
372,MF200544,거베라 폼포니 핑크,생화,거베라류,,,16500,핑크,1,미지정,릴리맥NC이스트폴점,
373,MF200554,거베라 피콜리니,생화,거베라류,,,3000,,2,미지정,릴리맥NC이스트폴점,
374,MF200564,거베라 피콜리니 화이트,생화,거베라류,,,6500,흰색,1,월드플로라,릴리맥NC이스트폴점,
375,MF200574,거베라 피콜리니 화이트심,생화,거베라류,,,8500,흰색,1,미지정,릴리맥NC이스트폴점,
376,MF200584,거베라 핑크,생화,거베라류,,,3000,핑크,2,미지정,릴리맥NC이스트폴점,
377,MF200594,거베라 미니 화이트,생화,거베라류,,,3000,,5,일산플라워-양재,릴리맥NC이스트폴점,
378,MF200604,거베라 폼포니 진핑크,생화,거베라류,,,4000,,1,일산플라워-양재,릴리맥NC이스트폴점,
379,MF200664,거베라 미니 태피,생화,거베라류,,,3000,,1,꽃동산-양재,릴리맥NC이스트폴점,
380,MF200674,거베라 미니 쥬나,생화,거베라류,,,3000,,1,꽃동산-양재,릴리맥NC이스트폴점,
381,MF200684,거베라 미니 썬,생화,거베라류,,,5664,,1,월드플로라,릴리맥NC이스트폴점,
382,MF200694,거베라 폼포니 크림,생화,거베라류,,,4800,,1,월드플로라,릴리맥NC이스트폴점,
383,MF200714,거베라 미니 텔런트,생화,거베라류,,,5664,,1,월드플로라,릴리맥NC이스트폴점,
384,MF300014,네리네 하이브리드 아프로디테,생화,폼플라워,,,14880,기타,1,월드플로라,릴리맥NC이스트폴점,
385,MF300024,다알리아 레드,생화,폼플라워,,,12500,레드,1,미지정,릴리맥NC이스트폴점,
386,MF300034,다알리아 오로라 (중국),생화,폼플라워,,,15800,기타,1,월드플로라,릴리맥NC이스트폴점,
387,MF300044,다알리아 와인,생화,폼플라워,,,6000,,1,미지정,릴리맥NC이스트폴점,
388,MF300054,도라지,생화,폼플라워,,,5000,,1,미지정,릴리맥NC이스트폴점,
389,MF300064,등골나무 - 핑크,생화,폼플라워,,,5000,핑크,1,월드플로라,릴리맥NC이스트폴점,
390,MF300074,라넌큘러스 레드,생화,폼플라워,,,11520,레드,1,월드플로라,릴리맥NC이스트폴점,
391,MF300084,라넌큘러스 레이디 연핑크,생화,폼플라워,,,7500,핑크,2,일산플라워-양재,릴리맥NC이스트폴점,
392,MF300094,라넌큘러스 버터플라이 레드,생화,폼플라워,,,15168,레드,1,월드플로라,릴리맥NC이스트폴점,
393,MF300104,라넌큘러스 버터플라이 연핑크,생화,폼플라워,,,6000,핑크,2,꽃동산-양재,릴리맥NC이스트폴점,
394,MF300114,라넌큘러스 버터플라이 크림,생화,폼플라워,,,15168,흰색,1,미지정,릴리맥NC이스트폴점,
395,MF300124,라넌큘러스 버터플라이 피탈로스,생화,폼플라워,,,8000,,2,미지정,릴리맥NC이스트폴점,
396,MF300134,라넌큘러스 연핑크,생화,폼플라워,,,9504,핑크,3,월드플로라,릴리맥NC이스트폴점,
397,MF300144,라넌큘러스 오렌지 (국산),생화,폼플라워,,,7500,오렌지,2,일산플라워-양재,릴리맥NC이스트폴점,
398,MF300154,라넌큘러스 크림,생화,폼플라워,,,11500,흰색,1,월드플로라,릴리맥NC이스트폴점,
399,MF300164,라넌큘러스 피치,생화,폼플라워,,,9504,핑크,2,월드플로라,릴리맥NC이스트폴점,
400,MF300174,라넌큘러스 화이트,생화,폼플라워,,,9504,흰색,2,월드플로라,릴리맥NC이스트폴점,
401,MF300184,러넌큘러스 노랑,생화,폼플라워,,,10500,옐로우,1,월드플로라,릴리맥NC이스트폴점,
402,MF300194,러넌큘러스 베네르,생화,폼플라워,,,9000,,1,일산플라워-양재,릴리맥NC이스트폴점,
403,MF300204,맨드라미 - 오렌지,생화,폼플라워,,,6500,오렌지,1,월드플로라,릴리맥NC이스트폴점,
404,MF300214,맨드라미 노랑,생화,폼플라워,,,5500,옐로우,1,미지정,릴리맥NC이스트폴점,
405,MF300224,맨드라미 와인,생화,폼플라워,,,6500,,1,미지정,릴리맥NC이스트폴점,
406,MF300234,메리골드 - 노랑,생화,폼플라워,,,9500,옐로우,3,월드플로라,릴리맥NC이스트폴점,
407,MF300244,메리골드 바닐라,생화,폼플라워,,,12000,옐로우,1,미지정,릴리맥NC이스트폴점,
408,MF300254,메리골드 주황,생화,폼플라워,,,9500,옐로우,7,미지정,릴리맥NC이스트폴점,
409,MF300264,백합 겹 디안타 쌍대,생화,폼플라워,,,19008,기타,1,월드플로라,릴리맥NC이스트폴점,
410,MF300274,백합 겹 이사벨라,생화,폼플라워,,,15000,기타,2,월드플로라,릴리맥NC이스트폴점,
411,MF300284,백합 겹 화이트,생화,폼플라워,,,18800,흰색,1,미지정,릴리맥NC이스트폴점,
412,MF300294,백합 아미스타 쌍대,생화,폼플라워,,,11500,,1,미지정,릴리맥NC이스트폴점,
413,MF300304,백합 오바다,생화,폼플라워,,,11125,기타,1,꽃도매119,릴리맥NC이스트폴점,
414,MF300314,백합 하이브리드 두카티 5대 (네덜란드),생화,폼플라워,,,15000,기타,4,월드플로라,릴리맥NC이스트폴점,
415,MF300324,백합 하이브리드 트윈라이프핑크,생화,폼플라워,,,15800,핑크,1,미지정,릴리맥NC이스트폴점,
416,MF300334,부들레아 화이트,생화,폼플라워,,,7000,흰색,1,일산플라워-양재,릴리맥NC이스트폴점,
417,MF300344,부들레야 옐로우,생화,폼플라워,,,6000,옐로우,1,미지정,릴리맥NC이스트폴점,
418,MF300354,서양란 반다,생화,폼플라워,,,8000,,1,미지정,릴리맥NC이스트폴점,
419,MF300364,수국 블루,생화,폼플라워,,,4000,블루,1,미지정,릴리맥NC이스트폴점,
420,MF300374,수국 연핑크,생화,폼플라워,,,5500,핑크,2,월드플로라,릴리맥NC이스트폴점,
421,MF300384,수국 염색 연핑크,생화,폼플라워,,,6240,핑크,3,월드플로라,릴리맥NC이스트폴점,
422,MF300394,수국 화이트,생화,폼플라워,,,4000,흰색,24,꽃동산-양재,릴리맥NC이스트폴점,
423,MF300404,수선화,생화,폼플라워,,,8000,기타,1,일산플라워,릴리맥NC이스트폴점,
424,MF300414,수선화 겹,생화,폼플라워,,,4000,기타,1,일산플라워,릴리맥NC이스트폴점,
425,MF300424,스카비오사 블루,생화,폼플라워,,,8800,블루,2,월드플로라,릴리맥NC이스트폴점,
426,MF300434,스카비오사 옥스포드 핑크,생화,폼플라워,,,9500,핑크,1,미지정,릴리맥NC이스트폴점,
427,MF300444,스카비오사 화이트,생화,폼플라워,,,9900,흰색,1,미지정,릴리맥NC이스트폴점,
428,MF300454,심비디움 절화,생화,폼플라워,1대,,5000,기타,6,일산플라워-양재,릴리맥NC이스트폴점,
429,MF300464,아가판서스 글레셔,생화,폼플라워,,,9000,,1,미지정,릴리맥NC이스트폴점,
430,MF300474,아가판서스 미니 보라,생화,폼플라워,,,7000,퍼플,1,미지정,릴리맥NC이스트폴점,
431,MF300484,아네모네,생화,폼플라워,,,8000,,1,미지정,릴리맥NC이스트폴점,
432,MF300494,아마릴리스,생화,폼플라워,,,12000,,4,미지정,릴리맥NC이스트폴점,
433,MF300504,아마릴리스 레드,생화,폼플라워,,,15000,레드,10,미지정,릴리맥NC이스트폴점,
434,MF300514,아마릴리스 피치,생화,폼플라워,,,15000,핑크,10,미지정,릴리맥NC이스트폴점,
435,MF300524,안스리움 체리스,생화,폼플라워,,,5280,기타,3,월드플로라,릴리맥NC이스트폴점,
436,MF300534,알륨 코와니,생화,폼플라워,,,6000,기타,1,일산플라워,릴리맥NC이스트폴점,
437,MF300544,작약 사라,생화,폼플라워,,,9640,기타,3,월드플로라,릴리맥NC이스트폴점,
438,MF300554,카라 벤튜라 화이트,생화,폼플라워,,,7800,흰색,1,미지정,릴리맥NC이스트폴점,
439,MF300564,카라 선셋패션 5대,생화,폼플라워,,,15840,기타,2,월드플로라,릴리맥NC이스트폴점,
440,MF300574,카라 연핑크,생화,폼플라워,,,5000,핑크,2,미지정,릴리맥NC이스트폴점,
441,MF300584,카라 옐로우,생화,폼플라워,,,13000,옐로우,2,미지정,릴리맥NC이스트폴점,
442,MF300594,카라 오렌지,생화,폼플라워,,,8000,오렌지,1,미지정,릴리맥NC이스트폴점,
443,MF300604,카라 와인,생화,폼플라워,,,13000,,10,미지정,릴리맥NC이스트폴점,
444,MF300614,카라 화이트 (국산),생화,폼플라워,,,16500,흰색,3,월드플로라,릴리맥NC이스트폴점,
445,MF300624,코스모스 - 오렌지,생화,폼플라워,,,10000,오렌지,1,월드플로라,릴리맥NC이스트폴점,
446,MF300634,코스모스 - 화이트 홑,생화,폼플라워,,,9000,흰색,1,미지정,릴리맥NC이스트폴점,
447,MF300644,코스모스 핑크,생화,폼플라워,,,10560,핑크,1,미지정,릴리맥NC이스트폴점,
448,MF300654,코스모스 화이트,생화,폼플라워,,,1,흰색,1,미지정,릴리맥NC이스트폴점,
449,MF300664,쿠르쿠마 화이트,생화,폼플라워,,,10000,흰색,7,미지정,릴리맥NC이스트폴점,
450,MF300674,클레마티스 어메이징런던,생화,폼플라워,,,9600,,1,미지정,릴리맥NC이스트폴점,
451,MF300684,툴립 더블 레드프린세스,생화,폼플라워,,,17760,레드,1,미지정,릴리맥NC이스트폴점,
452,MF300694,튤립 겹 오렌지,생화,폼플라워,,,13000,오렌지,1,미지정,릴리맥NC이스트폴점,
453,MF300704,튤립 노랑,생화,폼플라워,,,13000,옐로우,11,꽃동산-양재,릴리맥NC이스트폴점,
454,MF300714,튤립 노비썬 (국산),생화,폼플라워,,,16500,기타,1,월드플로라,릴리맥NC이스트폴점,
455,MF300724,튤립 다이너스티 핑크,생화,폼플라워,,,8000,,2,월드플로라,릴리맥NC이스트폴점,
456,MF300734,튤립 레드,생화,폼플라워,,,15000,레드,1,미지정,릴리맥NC이스트폴점,
457,MF300744,튤립 레드 (국산),생화,폼플라워,,,22000,레드,1,월드플로라,릴리맥NC이스트폴점,
458,MF300754,튤립 망고튤립,생화,폼플라워,,,12000,오렌지,5,일산플라워-양재,릴리맥NC이스트폴점,
459,MF300764,튤립 살몬,생화,폼플라워,,,15000,,2,미지정,릴리맥NC이스트폴점,
460,MF300774,튤립 스트롱골드 노랑,생화,폼플라워,,,16512,옐로우,1,월드플로라,릴리맥NC이스트폴점,
461,MF300784,튤립 시시,생화,폼플라워,,,18500,,1,미지정,릴리맥NC이스트폴점,
462,MF300794,튤립 안타르티카,생화,폼플라워,,,20000,,1,미지정,릴리맥NC이스트폴점,
463,MF300804,튤립 에드램_주황망고,생화,폼플라워,,,15800,오렌지,1,미지정,릴리맥NC이스트폴점,
464,MF300814,튤립 주황망고 (국산),생화,폼플라워,,,20000,오렌지,1,월드플로라,릴리맥NC이스트폴점,
465,MF300824,튤립 캔디프린스,생화,폼플라워,,,10000,기타,1,월드플로라,릴리맥NC이스트폴점,
466,MF300834,튤립 프랑스 레드,생화,폼플라워,,,18000,레드,1,미지정,릴리맥NC이스트폴점,
467,MF300844,튤립 핑크,생화,폼플라워,,,13440,핑크,6,월드플로라,릴리맥NC이스트폴점,
468,MF300854,튤립 핑크별튤립,생화,폼플라워,,,14000,핑크,2,미지정,릴리맥NC이스트폴점,
469,MF300864,튤립 화이트,생화,폼플라워,,,12000,흰색,6,희플라워,릴리맥NC이스트폴점,
470,MF300874,튤립스팟온,생화,폼플라워,,,6237,기타,1,꽃도매119,릴리맥NC이스트폴점,
471,MF300884,트리플륨,생화,폼플라워,,,4000,보라,1,미지정,릴리맥NC이스트폴점,
472,MF300894,프렌치 메리골드,생화,폼플라워,,,8000,옐로우,1,미지정,릴리맥NC이스트폴점,
473,MF300904,핑크수국,생화,폼플라워,,,5000,핑크,2,일산플라워,릴리맥NC이스트폴점,
474,MF300914,해바라기,생화,폼플라워,,,5800,기타,1,월드플로라,릴리맥NC이스트폴점,
475,MF300924,해바라기 겹,생화,폼플라워,,,5000,,1,미지정,릴리맥NC이스트폴점,
476,MF300934,해바라기 테디베어 레몬,생화,폼플라워,,,7500,,1,미지정,릴리맥NC이스트폴점,
477,MF300944,해바라기 테디베어 오렌지,생화,폼플라워,,,9000,오렌지,1,월드플로라,릴리맥NC이스트폴점,
478,MF300954,화이트튤립,생화,폼플라워,,,15000,흰색,1,성남원예,릴리맥NC이스트폴점,
479,MF300964,히야신스 블루퓨처,생화,폼플라워,,,14000,블루,1,월드플로라,릴리맥NC이스트폴점,
480,MF300974,히야신스 스카이자켓 연블루,생화,폼플라워,,,9504,블루,2,월드플로라,릴리맥NC이스트폴점,
481,MF300984,버터플라이 옐로우,생화,폼플라워,,,7000,,1,꽃동산-양재,릴리맥NC이스트폴점,
482,MF301004,튤립 진핑크,생화,폼플라워,,,10000,,2,일산플라워-양재,릴리맥NC이스트폴점,
483,MF301014,라넌큘러스 버터플라이 진핑크,생화,폼플라워,,,7000,,1,꽃동산-양재,릴리맥NC이스트폴점,
484,MF301024,라넌큘러스 버터플라이 옐로우,생화,폼플라워,,,6000,,1,꽃동산-양재,릴리맥NC이스트폴점,
485,MF301034,백합 하이브리드 메노르카 5대 (네덜란드),생화,폼플라워,,,11520,,1,월드플로라,릴리맥NC이스트폴점,
486,MF301054,라넌큘러스 베네르,생화,폼플라워,,,5729,,1,꽃도매119,릴리맥NC이스트폴점,
487,MF301104,작약 사하라,생화,폼플라워,,,10000,,1,꽃동산-양재,릴리맥NC이스트폴점,
488,MF301114,라넌큘러스 폼포니 핑크,생화,폼플라워,,,13440,,1,월드플로라,릴리맥NC이스트폴점,
489,MF301174,작약 핑크,생화,폼플라워,ea,,7000,,2,매일농원-양재,릴리맥NC이스트폴점,
490,MF400014,개미취,생화,필러플라워,,,5000,기타,1,일산플라워-양재,릴리맥NC이스트폴점,
491,MF400024,공작 - 아스타 보라,생화,필러플라워,,,7000,퍼플,1,미지정,릴리맥NC이스트폴점,
492,MF400034,공작 - 아스타 핑크,생화,필러플라워,,,11500,핑크,3,월드플로라,릴리맥NC이스트폴점,
493,MF400044,공작 - 아스타 화이트,생화,필러플라워,,,9000,흰색,1,미지정,릴리맥NC이스트폴점,
494,MF400054,공작 - 화이트,생화,필러플라워,,,12000,흰색,5,미지정,릴리맥NC이스트폴점,
495,MF400064,공작 겹 화이트,생화,필러플라워,,,15800,흰색,1,미지정,릴리맥NC이스트폴점,
496,MF400074,공작 아스타 연핑크,생화,필러플라워,,,11500,핑크,1,미지정,릴리맥NC이스트폴점,
497,MF400084,과꽃 미니 레드,생화,필러플라워,,,5000,레드,1,미지정,릴리맥NC이스트폴점,
498,MF400094,과꽃 퍼플,생화,필러플라워,,,7000,퍼플,1,일산플라워,릴리맥NC이스트폴점,
499,MF400104,과꽃 핑크,생화,필러플라워,,,9000,핑크,1,미지정,릴리맥NC이스트폴점,
500,MF400114,기린초,생화,필러플라워,,,5000,기타,5,일산플라워-양재,릴리맥NC이스트폴점,
501,MF400124,디디스커스 블루,생화,필러플라워,,,4752,블루,3,꽃도매119,릴리맥NC이스트폴점,
502,MF400134,디디스커스 연블루,생화,필러플라워,,,9000,블루,1,미지정,릴리맥NC이스트폴점,
503,MF400144,디디스커스 화이트 (중국),생화,필러플라워,,,10500,흰색,1,월드플로라,릴리맥NC이스트폴점,
504,MF400154,라이스플라워 핑크,생화,필러플라워,,,15500,핑크,1,월드플로라,릴리맥NC이스트폴점,
505,MF400164,레드베리,생화,필러플라워,,,13000,레드,3,미지정,릴리맥NC이스트폴점,
506,MF400174,루드베키아,생화,필러플라워,,,8500,,1,미지정,릴리맥NC이스트폴점,
507,MF400184,마가렛,생화,필러플라워,,,9000,,1,미지정,릴리맥NC이스트폴점,
508,MF400194,미스티블루 환타지아,생화,필러플라워,,,13000,블루,1,꽃동산,릴리맥NC이스트폴점,
509,MF400204,백공작,생화,필러플라워,,,7000,기타,1,일산플라워,릴리맥NC이스트폴점,
510,MF400214,백일홍 - 진핑크,생화,필러플라워,,,8500,핑크,1,미지정,릴리맥NC이스트폴점,
511,MF400224,베로니카,생화,필러플라워,,,5000,,1,미지정,릴리맥NC이스트폴점,
512,MF400234,부바르디아 화이트,생화,필러플라워,,,8000,흰색,1,미지정,릴리맥NC이스트폴점,
513,MF400244,블루옥시,생화,필러플라워,,,5800,블루,1,월드플로라,릴리맥NC이스트폴점,
514,MF400254,사루비아,생화,필러플라워,,,4000,,1,미지정,릴리맥NC이스트폴점,
515,MF400264,석죽 레드,생화,필러플라워,,,6240,레드,4,월드플로라,릴리맥NC이스트폴점,
516,MF400274,석죽 바이칼라,생화,필러플라워,,,4320,,3,월드플로라,릴리맥NC이스트폴점,
517,MF400284,석죽 썸머라벤다,생화,필러플라워,,,5500,,1,미지정,릴리맥NC이스트폴점,
518,MF400294,석죽 코랄,생화,필러플라워,,,4800,,1,미지정,릴리맥NC이스트폴점,
519,MF400304,석죽 핑크매직,생화,필러플라워,,,8900,핑크,1,미지정,릴리맥NC이스트폴점,
520,MF400314,석죽 화이트 (국산),생화,필러플라워,,,8900,흰색,3,월드플로라,릴리맥NC이스트폴점,
521,MF400324,세네라리아 블루특3,생화,필러플라워,,,12475,블루,1,꽃도매119,릴리맥NC이스트폴점,
522,MF400334,솔리다고,생화,필러플라워,,,8448,기타,2,월드플로라,릴리맥NC이스트폴점,
523,MF400344,스콜,생화,필러플라워,,,8000,,1,일산플라워,릴리맥NC이스트폴점,
524,MF400354,시네라리아,생화,필러플라워,,,12000,,6,꽃동산-양재,릴리맥NC이스트폴점,
525,MF400364,시레네,생화,필러플라워,,,14000,,1,미지정,릴리맥NC이스트폴점,
526,MF400374,쏠리,생화,필러플라워,,,4000,,1,미지정,릴리맥NC이스트폴점,
527,MF400384,아게라덤,생화,필러플라워,,,7000,,1,미지정,릴리맥NC이스트폴점,
528,MF400394,아미초,생화,필러플라워,,,7000,,3,일산플라워-양재,릴리맥NC이스트폴점,
529,MF400404,아스크레피아스 노랑,생화,필러플라워,,,6500,옐로우,1,미지정,릴리맥NC이스트폴점,
530,MF400414,아스크레피아스 투베로사,생화,필러플라워,,,12000,,1,미지정,릴리맥NC이스트폴점,
531,MF400424,아스크레피아스 화이트,생화,필러플라워,,,12200,흰색,1,미지정,릴리맥NC이스트폴점,
532,MF400434,아스트란시아 밀리언스타 화이트,생화,필러플라워,,,9500,흰색,1,미지정,릴리맥NC이스트폴점,
533,MF400444,아스트란시아 스타오브아프리카,생화,필러플라워,,,12480,기타,1,월드플로라,릴리맥NC이스트폴점,
534,MF400454,아스틸베 아발란체,생화,필러플라워,,,14400,,1,미지정,릴리맥NC이스트폴점,
535,MF400464,아스틸베 애리카,생화,필러플라워,,,18048,기타,1,월드플로라,릴리맥NC이스트폴점,
536,MF400474,아스틸베 워싱턴 화이트 5대 (네덜란드),생화,필러플라워,,,15000,흰색,2,월드플로라,릴리맥NC이스트폴점,
537,MF400484,아스틸베 폴가더,생화,필러플라워,,,12000,,1,미지정,릴리맥NC이스트폴점,
538,MF400494,알스트로메리아 - 버지니아 화이트,생화,필러플라워,,,9200,흰색,1,월드플로라,릴리맥NC이스트폴점,
539,MF400504,알스트로메리아 - 자주,생화,필러플라워,,,4000,기타,3,꽃동산-양재,릴리맥NC이스트폴점,
540,MF400514,알스트로메리아 - 휘슬러 화이트,생화,필러플라워,,,9800,흰색,2,월드플로라,릴리맥NC이스트폴점,
541,MF400524,알스트로메리아 노라 진핑크,생화,필러플라워,,,9800,핑크,1,미지정,릴리맥NC이스트폴점,
542,MF400534,알스트로메리아 노랑,생화,필러플라워,,,4000,핑크,2,꽃동산-양재,릴리맥NC이스트폴점,
543,MF400544,알스트로메리아 레드,생화,필러플라워,,,4000,레드,4,꽃동산-양재,릴리맥NC이스트폴점,
544,MF400554,알스트로메리아 레드 (국산),생화,필러플라워,,,5500,레드,1,월드플로라,릴리맥NC이스트폴점,
545,MF400564,알스트로메리아 밀라,생화,필러플라워,,,9800,,1,미지정,릴리맥NC이스트폴점,
546,MF400574,알스트로메리아 써니레이디,생화,필러플라워,,,8900,기타,1,월드플로라,릴리맥NC이스트폴점,
547,MF400584,알스트로메리아 오렌지퀸,생화,필러플라워,,,9200,오렌지,1,미지정,릴리맥NC이스트폴점,
548,MF400594,알스트로메리아 오렌지퀸 (콜롬비아),생화,필러플라워,,,9800,오렌지,1,월드플로라,릴리맥NC이스트폴점,
549,MF400604,알스트로메리아 피치 피피,생화,필러플라워,,,9200,핑크,2,월드플로라,릴리맥NC이스트폴점,
550,MF400614,알스트로메리아 핑크,생화,필러플라워,,,8000,핑크,1,꽃동산-양재,릴리맥NC이스트폴점,
551,MF400624,옥시 블루,생화,필러플라워,,,9504,블루,7,월드플로라,릴리맥NC이스트폴점,
552,MF400634,옥시 화이트,생화,필러플라워,,,6000,흰색,7,꽃동산-양재,릴리맥NC이스트폴점,
553,MF400644,온디시움 5대,생화,필러플라워,,,18048,기타,1,월드플로라,릴리맥NC이스트폴점,
554,MF400654,올라야아미초,생화,필러플라워,,,5000,,2,꽃동산-양재,릴리맥NC이스트폴점,
555,MF400664,와트리,생화,필러플라워,,,13000,기타,2,파란마을,릴리맥NC이스트폴점,
556,MF400674,왁스플라워 노랑,생화,필러플라워,,,11040,옐로우,3,월드플로라,릴리맥NC이스트폴점,
557,MF400684,왁스플라워 레드,생화,필러플라워,,,14000,레드,1,성남원예,릴리맥NC이스트폴점,
558,MF400694,왁스플라워 레드 (중국),생화,필러플라워,,,13000,레드,2,미지정,릴리맥NC이스트폴점,
559,MF400704,왁스플라워 블루,생화,필러플라워,,,11040,블루,4,월드플로라,릴리맥NC이스트폴점,
560,MF400714,왁스플라워 연블루 (중국),생화,필러플라워,,,13000,블루,1,월드플로라,릴리맥NC이스트폴점,
561,MF400724,왁스플라워 연연라벤더,생화,필러플라워,,,13200,퍼플,1,미지정,릴리맥NC이스트폴점,
562,MF400734,왁스플라워 오렌지,생화,필러플라워,,,13000,오렌지,1,월드플로라,릴리맥NC이스트폴점,
563,MF400744,왁스플라워 체리블라썸 핑크,생화,필러플라워,,,12480,핑크,1,미지정,릴리맥NC이스트폴점,
564,MF400754,왁스플라워 핑크,생화,필러플라워,,,10800,핑크,2,월드플로라,릴리맥NC이스트폴점,
565,MF400764,왁스플라워 화이트,생화,필러플라워,,,9000,흰색,2,꽃동산-양재,릴리맥NC이스트폴점,
566,MF400774,유채꽃,생화,필러플라워,,,5000,,2,일산플라워,릴리맥NC이스트폴점,
567,MF400784,잎안개,생화,필러플라워,,,6500,,1,미지정,릴리맥NC이스트폴점,
568,MF400794,천조초,생화,필러플라워,,,7000,,3,일산플라워,릴리맥NC이스트폴점,
569,MF400804,청공작,생화,필러플라워,,,8000,기타,2,일산플라워,릴리맥NC이스트폴점,
570,MF400814,촛불 맨드라미 쉘웨이 오렌지,생화,필러플라워,,,8000,오렌지,1,월드플로라,릴리맥NC이스트폴점,
571,MF400824,핑크부바르디아,생화,필러플라워,,,8000,핑크,1,일산플라워-양재,릴리맥NC이스트폴점,
572,MF400834,하이베리콤,생화,필러플라워,,,15000,,5,미지정,릴리맥NC이스트폴점,
573,MF400844,향등골 (국산),생화,필러플라워,,,11500,기타,1,월드플로라,릴리맥NC이스트폴점,
574,MF400854,헤라,생화,필러플라워,,,5000,,1,미지정,릴리맥NC이스트폴점,
575,MF400864,헬레늄,생화,필러플라워,,,5000,기타,46,일산플라워,릴리맥NC이스트폴점,
576,MF400874,헬레보루스,생화,필러플라워,,,10000,기타,5,희플라워,릴리맥NC이스트폴점,
577,MF400884,헬리옵시스,생화,필러플라워,,,7000,,1,미지정,릴리맥NC이스트폴점,
578,MF400894,후룩스 화이트,생화,필러플라워,,,7000,흰색,1,미지정,릴리맥NC이스트폴점,
579,MF400924,맨드라미 샤론핑크,생화,필러플라워,,,6000,,1,일산플라워-양재,릴리맥NC이스트폴점,
580,MF400934,마트리카리아,생화,필러플라워,,,8000,,1,일산플라워-양재,릴리맥NC이스트폴점,
581,MF400944,알스트로메리아 그린,생화,필러플라워,,,4000,,1,꽃동산-양재,릴리맥NC이스트폴점,
582,MF400954,풍차꽃,생화,필러플라워,,,14400,,1,월드플로라,릴리맥NC이스트폴점,
583,MF400984,피오니퐁퐁 핑크,생화,필러플라워,,,13000,,2,복전화원,릴리맥NC이스트폴점,
584,MF400994,스위트후크,생화,필러플라워,,,13000,,1,대명소재-양재,릴리맥NC이스트폴점,
585,MF401004,알스트로메리아 아이보리,생화,필러플라워,,,8160,,1,월드플로라,릴리맥NC이스트폴점,
586,MF401024,미니델피늄 핑크,생화,필러플라워,ea,,10000,,1,꽃동산-양재,릴리맥NC이스트폴점,
587,MF500014,글라디올라스 화이트,생화,라인플라워,,,19200,흰색,11,월드플로라,릴리맥NC이스트폴점,
588,MF500024,글라디올러스 - 미니 앰버,생화,라인플라워,,,12500,기타,1,월드플로라,릴리맥NC이스트폴점,
589,MF500034,글라디올러스 노랑,생화,라인플라워,,,16500,옐로우,1,미지정,릴리맥NC이스트폴점,
590,MF500044,글라디올러스 미니 서머주얼 (네덜란드),생화,라인플라워,,,11800,,1,미지정,릴리맥NC이스트폴점,
591,MF500054,글라디올러스 미니 서머주얼 10대,생화,라인플라워,,,12500,,1,미지정,릴리맥NC이스트폴점,
592,MF500064,글라디올러스 오아시스 (국산),생화,라인플라워,,,12200,,1,미지정,릴리맥NC이스트폴점,
593,MF500074,금어초,생화,라인플라워,,,4000,기타,2,일산플라워,릴리맥NC이스트폴점,
594,MF500084,금어초 - 핑크,생화,라인플라워,,,9504,핑크,3,월드플로라,릴리맥NC이스트폴점,
595,MF500094,금어초 옐로우,생화,라인플라워,,,5000,옐로우,2,일산플라워-양재,릴리맥NC이스트폴점,
596,MF500104,금어초 핑크복색,생화,라인플라워,,,5000,핑크,2,일산플라워-양재,릴리맥NC이스트폴점,
597,MF500114,금어초 화이트,생화,라인플라워,,,9504,흰색,7,월드플로라,릴리맥NC이스트폴점,
598,MF500124,금어초레드,생화,라인플라워,,,14000,레드,1,미지정,릴리맥NC이스트폴점,
599,MF500134,덴파레 피치,생화,라인플라워,,,15000,핑크,1,월드플로라,릴리맥NC이스트폴점,
600,MF500144,델피늄  미니 쉬폰블루,생화,라인플라워,,,12000,블루,2,월드플로라,릴리맥NC이스트폴점,
601,MF500154,델피늄 라벤더,생화,라인플라워,,,12480,퍼플,5,월드플로라,릴리맥NC이스트폴점,
602,MF500164,델피늄 블루 대,생화,라인플라워,,,12480,블루,3,월드플로라,릴리맥NC이스트폴점,
603,MF500174,델피늄 연블루 대,생화,라인플라워,,,6000,블루,2,희플라워,릴리맥NC이스트폴점,
604,MF500184,델피늄그랜드불루미니,생화,라인플라워,,,10625,기타,2,꽃도매119,릴리맥NC이스트폴점,
605,MF500194,라벤다,생화,라인플라워,,,15000,기타,1,꽃동산,릴리맥NC이스트폴점,
606,MF500204,멕시칸세이지,생화,라인플라워,,,7000,,1,미지정,릴리맥NC이스트폴점,
607,MF500214,모카라 레드,생화,라인플라워,,,8000,레드,14,꽃나라,릴리맥NC이스트폴점,
608,MF500224,모카라 오렌지,생화,라인플라워,,,8000,오렌지,2,알파플라워,릴리맥NC이스트폴점,
609,MF500234,모카라 퍼플,생화,라인플라워,,,8500,퍼플,1,미지정,릴리맥NC이스트폴점,
610,MF500244,미니 델피늄 그랜드블루 특 (국산),생화,라인플라워,,,9000,블루,2,일산플라워-양재,릴리맥NC이스트폴점,
611,MF500254,미니 델피늄 라벤더 (국산),생화,라인플라워,,,15000,퍼플,1,월드플로라,릴리맥NC이스트폴점,
612,MF500264,밥티시아,생화,라인플라워,,,8000,기타,4,향기꽃나라,릴리맥NC이스트폴점,
613,MF500274,서양란 절화 아즈마 레드,생화,라인플라워,,,9120,레드,5,월드플로라,릴리맥NC이스트폴점,
614,MF500284,스토크  연보라,생화,라인플라워,,,5280,퍼플,2,월드플로라,릴리맥NC이스트폴점,
615,MF500294,스토크 아이보리,생화,라인플라워,,,10500,기타,1,월드플로라,릴리맥NC이스트폴점,
616,MF500304,스토크 아프리코트,생화,라인플라워,,,2525,,2,미지정,릴리맥NC이스트폴점,
617,MF500314,스토크 연핑크,생화,라인플라워,,,9500,핑크,1,미지정,릴리맥NC이스트폴점,
618,MF500324,스토크 핑크,생화,라인플라워,,,5000,핑크,1,꽃동산,릴리맥NC이스트폴점,
619,MF500334,스토크 홑 핑크,생화,라인플라워,,,6500,핑크,1,미지정,릴리맥NC이스트폴점,
620,MF500344,스토크 화이트,생화,라인플라워,,,7500,흰색,1,미지정,릴리맥NC이스트폴점,
621,MF500354,아이리스 블루매직,생화,라인플라워,,,12000,블루,1,월드플로라,릴리맥NC이스트폴점,
622,MF500364,아이리스 상하이,생화,라인플라워,,,15500,,1,월드플로라,릴리맥NC이스트폴점,
623,MF500374,아이리스 화이트매지,생화,라인플라워,,,11520,흰색,1,미지정,릴리맥NC이스트폴점,
624,MF500384,오니소갈륨 선더시애 화이트,생화,라인플라워,,,9000,흰색,1,미지정,릴리맥NC이스트폴점,
625,MF500394,용담,생화,라인플라워,,,9000,,1,미지정,릴리맥NC이스트폴점,
626,MF500404,줄맨드라미 - 그린,생화,라인플라워,,,9000,그린,1,월드플로라,릴리맥NC이스트폴점,
627,MF500414,줄맨드라미 레드,생화,라인플라워,,,14500,레드,1,미지정,릴리맥NC이스트폴점,
628,MF500424,천일홍,생화,라인플라워,,,5000,기타,1,일산플라워,릴리맥NC이스트폴점,
629,MF500434,천일홍 - 화이트,생화,라인플라워,,,6000,흰색,1,일산플라워,릴리맥NC이스트폴점,
630,MF500444,천일홍 레드,생화,라인플라워,,,6000,레드,1,미지정,릴리맥NC이스트폴점,
631,MF500454,천일홍 보라,생화,라인플라워,,,6500,퍼플,1,미지정,릴리맥NC이스트폴점,
632,MF500464,천일홍 화이트,생화,라인플라워,,,6000,흰색,1,미지정,릴리맥NC이스트폴점,
633,MF500474,층꽃 - 화이트,생화,라인플라워,,,15000,흰색,1,월드플로라,릴리맥NC이스트폴점,
634,MF500484,층꽃 보라,생화,라인플라워,,,12000,퍼플,1,미지정,릴리맥NC이스트폴점,
635,MF500494,층꽃 핑크,생화,라인플라워,,,13000,핑크,1,미지정,릴리맥NC이스트폴점,
636,MF500504,캄파눌라 라벤더,생화,라인플라워,,,10000,퍼플,2,꽃동산-양재,릴리맥NC이스트폴점,
637,MF500514,프리미엄수국,생화,라인플라워,,,6930,기타,6,디자인쁘랭땅,릴리맥NC이스트폴점,
638,MF500524,프리지아 노랑,생화,라인플라워,,,12000,옐로우,9,꽃동산-양재,릴리맥NC이스트폴점,
639,MF500534,프리지아 보라,생화,라인플라워,,,16000,퍼플,1,미지정,릴리맥NC이스트폴점,
640,MF500544,겹금어초 핑크,생화,라인플라워,,,6000,,2,강남,릴리맥NC이스트폴점,
641,MF500564,캄파눌라 핑크,생화,라인플라워,,,9000,,1,일산플라워-양재,릴리맥NC이스트폴점,
642,MF500584,프리지아 적색,생화,라인플라워,,,18720,,1,월드플로라,릴리맥NC이스트폴점,
643,MF600014,소재 - 꼬리조팝 핑크,생화,소재(그린),,,11500,핑크,1,월드플로라,릴리맥NC이스트폴점,
644,MF600024,소재 - 냉이 꽃,생화,소재(그린),,,10000,기타,1,월드플로라,릴리맥NC이스트폴점,
645,MF600034,소재 - 등골나무 - 핑크,생화,소재(그린),,,4500,핑크,1,월드플로라,릴리맥NC이스트폴점,
646,MF600044,소재 - 바다갈대,생화,소재(그린),,,6500,,1,미지정,릴리맥NC이스트폴점,
647,MF600054,소재 - 보리사초,생화,소재(그린),,,7000,기타,3,꽃동산-양재,릴리맥NC이스트폴점,
648,MF600064,소재 - 솔리다고,생화,소재(그린),,,8000,기타,1,월드플로라,릴리맥NC이스트폴점,
649,MF600074,소재 - 유니폴라,생화,소재(그린),,,12500,,2,미지정,릴리맥NC이스트폴점,
650,MF600084,소재 - 잎새란,생화,소재(그린),,,7000,,1,미지정,릴리맥NC이스트폴점,
651,MF600094,소재 - 줄쥐똥나무,생화,소재(그린),,,8000,,1,미지정,릴리맥NC이스트폴점,
652,MF600104,소재 - 페니쿰,생화,소재(그린),,,10560,,2,월드플로라,릴리맥NC이스트폴점,
653,MF600114,소재 - 피토스포륨,생화,소재(그린),,,10000,기타,1,월드플로라,릴리맥NC이스트폴점,
654,MF600124,소재 - 홍가시,생화,소재(그린),,,10000,기타,2,월드플로라,릴리맥NC이스트폴점,
655,MF600134,소재 강아지풀 (국산),생화,소재(그린),,,7500,,3,미지정,릴리맥NC이스트폴점,
656,MF600144,소재 개나리,생화,소재(그린),,,7000,,1,대명소재,릴리맥NC이스트폴점,
657,MF600154,소재 계피스틱,생화,소재(그린),,,9600,,1,미지정,릴리맥NC이스트폴점,
658,MF600164,소재 골드 미스티,생화,소재(그린),,,15000,옐로우,1,미지정,릴리맥NC이스트폴점,
659,MF600174,소재 기린초,생화,소재(그린),,,7500,,1,미지정,릴리맥NC이스트폴점,
660,MF600184,소재 꼬리조팝,생화,소재(그린),,,7000,기타,1,일산플라워-양재,릴리맥NC이스트폴점,
661,MF600194,소재 나무피,생화,소재(그린),,,30000,,1,미지정,릴리맥NC이스트폴점,
662,MF600204,소재 낙산홍,생화,소재(그린),,,13000,,1,미지정,릴리맥NC이스트폴점,
663,MF600214,소재 남아공 믹스,생화,소재(그린),,,15000,기타,1,꽃동산,릴리맥NC이스트폴점,
664,MF600224,소재 남천,생화,소재(그린),,,5000,기타,1,꽃동산,릴리맥NC이스트폴점,
665,MF600234,소재 냉이초,생화,소재(그린),,,7000,,4,루시플라워-양재,릴리맥NC이스트폴점,
666,MF600244,소재 냉이초,생화,소재(그린),,,10000,,2,일산플라워-양재,릴리맥NC이스트폴점,
667,MF600254,소재 당근초,생화,소재(그린),,,10000,,1,미지정,릴리맥NC이스트폴점,
668,MF600264,소재 더글라스,생화,소재(그린),,,7000,,2,미지정,릴리맥NC이스트폴점,
669,MF600274,소재 더글라스,생화,소재(그린),,,10500,,1,미지정,릴리맥NC이스트폴점,
670,MF600284,소재 라보스타,생화,소재(그린),,,6000,,2,미지정,릴리맥NC이스트폴점,
671,MF600294,소재 레몬잎,생화,소재(그린),,,7000,기타,6,꽃나라-양재,릴리맥NC이스트폴점,
672,MF600304,소재 레몬트리,생화,소재(그린),,,5000,,3,대명소재-양재,릴리맥NC이스트폴점,
673,MF600314,소재 머틀,생화,소재(그린),,,5000,,1,미지정,릴리맥NC이스트폴점,
674,MF600324,소재 미모사,생화,소재(그린),,,11500,,5,월드플로라,릴리맥NC이스트폴점,
675,MF600334,소재 미선,생화,소재(그린),,,9000,기타,1,대명소재,릴리맥NC이스트폴점,
676,MF600344,소재 밍크버들,생화,소재(그린),,,8000,,3,미지정,릴리맥NC이스트폴점,
677,MF600354,소재 보리사초,생화,소재(그린),,,7000,,1,미지정,릴리맥NC이스트폴점,
678,MF600364,소재 블랙잭수입,생화,소재(그린),,,13000,블랙,5,꽃동산-양재,릴리맥NC이스트폴점,
679,MF600374,소재 블루아이스,생화,소재(그린),,,15500,블루,1,미지정,릴리맥NC이스트폴점,
680,MF600384,소재 비단향,생화,소재(그린),,,5000,,1,미지정,릴리맥NC이스트폴점,
681,MF600394,소재 비부리움,생화,소재(그린),,,5000,,1,미지정,릴리맥NC이스트폴점,
682,MF600404,소재 사철나무,생화,소재(그린),,,5000,,1,미지정,릴리맥NC이스트폴점,
683,MF600414,소재 산딸,생화,소재(그린),,,7000,기타,3,대명소재,릴리맥NC이스트폴점,
684,MF600424,소재 삼나무,생화,소재(그린),,,5000,,1,미지정,릴리맥NC이스트폴점,
685,MF600434,소재 서귀,생화,소재(그린),,,5000,기타,7,대명소재-양재,릴리맥NC이스트폴점,
686,MF600444,소재 설유화,생화,소재(그린),,,12000,,3,대명소재-양재,릴리맥NC이스트폴점,
687,MF600454,소재 스기나무,생화,소재(그린),,,7000,기타,1,월드플로라,릴리맥NC이스트폴점,
688,MF600464,소재 스틸그라스 (국산),생화,소재(그린),,,7500,,1,월드플로라,릴리맥NC이스트폴점,
689,MF600474,소재 신지매,생화,소재(그린),,,12500,,1,미지정,릴리맥NC이스트폴점,
690,MF600484,소재 야자,생화,소재(그린),,,8500,기타,1,월드플로라,릴리맥NC이스트폴점,
691,MF600494,소재 에레루카골드,생화,소재(그린),,,12000,옐로우,1,미지정,릴리맥NC이스트폴점,
692,MF600504,소재 역뀌,생화,소재(그린),,,11800,,1,미지정,릴리맥NC이스트폴점,
693,MF600514,소재 영춘화,생화,소재(그린),,,8500,,1,미지정,릴리맥NC이스트폴점,
694,MF600524,소재 오리목,생화,소재(그린),,,7000,,1,미지정,릴리맥NC이스트폴점,
695,MF600534,소재 오리목 골드,생화,소재(그린),,,10000,옐로우,2,미지정,릴리맥NC이스트폴점,
696,MF600544,소재 오이초,생화,소재(그린),,,5000,,13,미지정,릴리맥NC이스트폴점,
697,MF600554,소재 와틀리,생화,소재(그린),,,8000,기타,1,대명소재,릴리맥NC이스트폴점,
698,MF600564,소재 유니폴라,생화,소재(그린),,,8160,,4,월드플로라,릴리맥NC이스트폴점,
699,MF600574,소재 유스커스 중,생화,소재(그린),,,7000,,22,꽃동산-양재,릴리맥NC이스트폴점,
700,MF600584,소재 유스커스 장대,생화,소재(그린),,,10000,,2,꽃동산-양재,릴리맥NC이스트폴점,
701,MF600594,소재 유카리 포퓰러스베리 그린,생화,소재(그린),,,16500,그린,1,미지정,릴리맥NC이스트폴점,
702,MF600604,소재 유카립투스 체리,생화,소재(그린),,,13000,기타,7,꽃동산,릴리맥NC이스트폴점,
703,MF600614,소재 유칼립투스 구니,생화,소재(그린),,,7500,,1,미지정,릴리맥NC이스트폴점,
704,MF600624,소재 유칼립투스 블랙잭,생화,소재(그린),,,13000,블랙,3,꽃동산-양재,릴리맥NC이스트폴점,
705,MF600634,소재 유칼립투스 킹블랙잭,생화,소재(그린),,,13000,블랙,6,꽃동산-양재,릴리맥NC이스트폴점,
706,MF600644,소재 유칼립투스 파블로,생화,소재(그린),,,7750,,5,꽃도매119,릴리맥NC이스트폴점,
707,MF600654,소재 유칼립투스 폴리안,생화,소재(그린),,,7000,,1,미지정,릴리맥NC이스트폴점,
708,MF600664,소재 유칼립투스블랙잭 수입,생화,소재(그린),,,13000,블랙,5,꽃동산-양재,릴리맥NC이스트폴점,
709,MF600674,소재 은사철,생화,소재(그린),,,6500,기타,1,일산플라워,릴리맥NC이스트폴점,
710,MF600684,소재 은사철,생화,소재(그린),,,6500,,1,미지정,릴리맥NC이스트폴점,
711,MF600694,소재 은엽아카시아,생화,소재(그린),,,9500,,1,미지정,릴리맥NC이스트폴점,
712,MF600704,소재 이끼시아열매 (국산),생화,소재(그린),,,9000,기타,1,월드플로라,릴리맥NC이스트폴점,
713,MF600714,소재 이반호프,생화,소재(그린),,,15000,,2,미지정,릴리맥NC이스트폴점,
714,MF600724,소재 잎설유,생화,소재(그린),,,6000,기타,10,일산플라워,릴리맥NC이스트폴점,
715,MF600734,소재 자리공,생화,소재(그린),,,7000,,2,미지정,릴리맥NC이스트폴점,
716,MF600744,소재 조,생화,소재(그린),,,4000,,1,미지정,릴리맥NC이스트폴점,
717,MF600754,소재 조팝,생화,소재(그린),,,12000,,11,희플라워,릴리맥NC이스트폴점,
718,MF600764,소재 줄쥐똥나무,생화,소재(그린),,,8000,,1,미지정,릴리맥NC이스트폴점,
719,MF600774,소재 쥐땅나무,생화,소재(그린),,,7000,,1,미지정,릴리맥NC이스트폴점,
720,MF600784,소재 천리향,생화,소재(그린),,,6500,기타,1,월드플로라,릴리맥NC이스트폴점,
721,MF600794,소재 청쥐똥나무,생화,소재(그린),,,7500,,1,미지정,릴리맥NC이스트폴점,
722,MF600804,소재 패니쿰,생화,소재(그린),,,4000,기타,1,밝은꿈-양재,릴리맥NC이스트폴점,
723,MF600814,소재 페니쿰수쿠아,생화,소재(그린),,,7000,,1,미지정,릴리맥NC이스트폴점,
724,MF600824,소재 편백,생화,소재(그린),,,2500,,1,미지정,릴리맥NC이스트폴점,
725,MF600834,소재 피어리스 레드 (중국),생화,소재(그린),,,9500,레드,1,미지정,릴리맥NC이스트폴점,
726,MF600844,소재 하트유카리,생화,소재(그린),,,7000,,2,미지정,릴리맥NC이스트폴점,
727,MF600854,소재 허브 라벤더 잎,생화,소재(그린),,,7500,퍼플,1,미지정,릴리맥NC이스트폴점,
728,MF600864,소재 홍가시,생화,소재(그린),,,6000,기타,1,대명소재,릴리맥NC이스트폴점,
729,MF600874,솔방울,생화,소재(그린),,,4000,,1,미지정,릴리맥NC이스트폴점,
730,MF600884,솔방울 3cm,생화,소재(그린),,,3300,,3,미지정,릴리맥NC이스트폴점,
731,MF600894,오렌지 슬라이스 드라이,생화,소재(그린),,,27500,오렌지,1,미지정,릴리맥NC이스트폴점,
732,MF600904,소재 냉이초,생화,소재(그린),,,7000,,2,일산플라워-양재,릴리맥NC이스트폴점,
733,MF600914,소재 유스커스 소,생화,소재(그린),,1단,8000,기타,0,꽃동산-양재,릴리맥NC이스트폴점,
734,MF600934,소재 - 벚꽃,생화,소재(그린),ea,,8000,,1,대명소재-양재,릴리맥NC이스트폴점,
735,MF600984,소재 냉이초,생화,소재(그린),,,10450,,1,꽃도매119,릴리맥NC이스트폴점,
736,MF601034,소재 냉이초,생화,소재(그린),,,10000,,1,꽃동산-양재,릴리맥NC이스트폴점,
737,MF601054,소재 이응매,생화,소재(그린),ea,,10000,,1,대명소재-양재,릴리맥NC이스트폴점,
738,MF700014,국화 디스버드,생화,국화류,,,7075,,5,미지정,릴리맥NC이스트폴점,
739,MF700024,국화 라포르화이트특3,생화,국화류,,,5725,흰색,1,꽃도매119,릴리맥NC이스트폴점,
740,MF700034,국화 퍼플링,생화,국화류,,,7075,퍼플,1,미지정,릴리맥NC이스트폴점,
741,MF700044,대국 피오니 퐁퐁 오렌지,생화,국화류,,,10560,오렌지,1,미지정,릴리맥NC이스트폴점,
742,MF700054,대국 피오니퐁퐁 염색 네이비 5대,생화,국화류,,,13000,,3,꽃동산-양재,릴리맥NC이스트폴점,
743,MF700064,대국 피오니퐁퐁 염색 연피치,생화,국화류,,,13000,핑크,1,미지정,릴리맥NC이스트폴점,
744,MF700074,대국 피오니퐁퐁 염색 연핑크,생화,국화류,,,13000,핑크,4,꽃동산-양재,릴리맥NC이스트폴점,
745,MF700084,대국 피오니퐁퐁 염색 오렌지,생화,국화류,,,10500,오렌지,1,미지정,릴리맥NC이스트폴점,
746,MF700094,대국 피오니퐁퐁 염색 오렌지파스텔),생화,국화류,,,11500,오렌지,1,미지정,릴리맥NC이스트폴점,
747,MF700104,대국 피오니퐁퐁 염색 진핑크,생화,국화류,,,10500,핑크,1,미지정,릴리맥NC이스트폴점,
748,MF700114,대국 피오니퐁퐁 염색 퍼플,생화,국화류,,,11500,퍼플,3,미지정,릴리맥NC이스트폴점,
749,MF700124,소국  첫사랑,생화,국화류,,,8800,,1,미지정,릴리맥NC이스트폴점,
750,MF700134,소국 - 보라미,생화,국화류,,,12500,퍼플,1,미지정,릴리맥NC이스트폴점,
751,MF700144,소국 - 영크림,생화,국화류,,,5500,흰색,1,미지정,릴리맥NC이스트폴점,
752,MF700154,소국 - 장미 투톤,생화,국화류,,,11000,,2,미지정,릴리맥NC이스트폴점,
753,MF700164,소국 - 피치팡팡,생화,국화류,,,7500,핑크,1,월드플로라,릴리맥NC이스트폴점,
754,MF700174,소국 - 화이트캡,생화,국화류,,,11500,흰색,1,월드플로라,릴리맥NC이스트폴점,
755,MF700184,소국 다이아몬드,생화,국화류,,,10500,,1,미지정,릴리맥NC이스트폴점,
756,MF700194,소국 락스 (국산),생화,국화류,,,6200,기타,1,월드플로라,릴리맥NC이스트폴점,
757,MF700204,소국 러브 노랑,생화,국화류,,,7500,옐로우,1,미지정,릴리맥NC이스트폴점,
758,MF700214,소국 러브 핑크 (국산),생화,국화류,,,7500,핑크,1,월드플로라,릴리맥NC이스트폴점,
759,MF700224,소국 러브 화이트,생화,국화류,,,7500,흰색,1,미지정,릴리맥NC이스트폴점,
760,MF700234,소국 레드마블,생화,국화류,,,14000,레드,2,미지정,릴리맥NC이스트폴점,
761,MF700244,소국 바르카디스버드,생화,국화류,,,15000,,1,미지정,릴리맥NC이스트폴점,
762,MF700254,소국 스위트옐로우,생화,국화류,,,8500,옐로우,1,미지정,릴리맥NC이스트폴점,
763,MF700264,소국 에그 엔젤 (국산),생화,국화류,,,9000,,1,미지정,릴리맥NC이스트폴점,
764,MF700274,소국 영영,생화,국화류,,,15000,,4,미지정,릴리맥NC이스트폴점,
765,MF700284,소국 오렌지 팡팡,생화,국화류,,,15500,오렌지,1,미지정,릴리맥NC이스트폴점,
766,MF700294,소국 장미,생화,국화류,,,13000,,1,미지정,릴리맥NC이스트폴점,
767,MF700304,소국 칼리메로 스노우 5대 (베트남),생화,국화류,,,5500,흰색,1,월드플로라,릴리맥NC이스트폴점,
768,MF700314,소국 칼리메로스노우,생화,국화류,,,5500,흰색,1,미지정,릴리맥NC이스트폴점,
769,MF700324,소국 큐티버블,생화,국화류,,,7000,기타,1,월드플로라,릴리맥NC이스트폴점,
770,MF700334,소국 크룸,생화,국화류,,,4000,,2,미지정,릴리맥NC이스트폴점,
771,MF700344,소국 퐁퐁 옐로우,생화,국화류,,,8000,옐로우,2,꽃동산,릴리맥NC이스트폴점,
772,MF700354,소국 프로기,생화,국화류,,,7200,기타,3,월드플로라,릴리맥NC이스트폴점,
773,MF700364,소국 핑크 크림 (국산),생화,국화류,,,12000,흰색,1,월드플로라,릴리맥NC이스트폴점,
774,MF700374,소국 홍장미,생화,국화류,,,14000,,1,미지정,릴리맥NC이스트폴점,
775,MF700384,소국 홍장미 투톤,생화,국화류,,,9000,,1,미지정,릴리맥NC이스트폴점,
776,MF700394,소국 화이트,생화,국화류,,,5000,흰색,1,미지정,릴리맥NC이스트폴점,
777,MF700404,소국 화이트캡,생화,국화류,,,5225,흰색,1,미지정,릴리맥NC이스트폴점,
778,MF700414,소국 화이트캡 (국산),생화,국화류,,,8500,흰색,1,월드플로라,릴리맥NC이스트폴점,
779,MF700424,안개소국 화이트 (국산),생화,국화류,,,6500,흰색,2,월드플로라,릴리맥NC이스트폴점,
780,MF700434,피오니 퐁퐁 염색 파스텔블루,생화,국화류,,,9900,블루,1,월드플로라,릴리맥NC이스트폴점,
781,MF700444,피오니퐁퐁 - 염색 연피치,생화,국화류,,,11500,핑크,2,꽃동산-양재,릴리맥NC이스트폴점,
782,MF700454,피오니퐁퐁 - 염색 퍼플 5대,생화,국화류,,,11500,퍼플,1,월드플로라,릴리맥NC이스트폴점,
783,MF700464,피오니퐁퐁 염색 파스텔블루,생화,국화류,,,13000,블루,1,월드플로라,릴리맥NC이스트폴점,
784,MF700474,피오니퐁퐁 염색 화이트블루,생화,국화류,,,11232,흰색,1,월드플로라,릴리맥NC이스트폴점,
785,MF700484,피오니퐁퐁 퍼플파스텔,생화,국화류,,,11520,퍼플,1,월드플로라,릴리맥NC이스트폴점,
786,MF700494,화이트퐁퐁,생화,국화류,,,5000,흰색,1,미지정,릴리맥NC이스트폴점,
787,MF700504,피오니퐁퐁 염색 레드,생화,국화류,,,17280,,1,월드플로라,릴리맥NC이스트폴점,
788,MF700514,대국 피오니퐁퐁 염색 블루,생화,국화류,ea,,13000,,1,꽃동산-양재,릴리맥NC이스트폴점,
789,MF800014,카네이션  염색 블루킹,생화,카네이션류,,,15000,블루,4,꽃동산-양재,릴리맥NC이스트폴점,
790,MF800024,카네이션 - 머스탱,생화,카네이션류,,,10500,기타,1,월드플로라,릴리맥NC이스트폴점,
791,MF800034,카네이션 - 애플티,생화,카네이션류,,,14000,기타,1,월드플로라,릴리맥NC이스트폴점,
792,MF800044,카네이션 - 염색 코스모라일락,생화,카네이션류,,,15000,기타,1,월드플로라,릴리맥NC이스트폴점,
793,MF800054,카네이션 -유카리체리,생화,카네이션류,,,13000,기타,6,꽃동산-양재,릴리맥NC이스트폴점,
794,MF800064,카네이션 노비아,생화,카네이션류,,,13000,,5,꽃동산-양재,릴리맥NC이스트폴점,
795,MF800074,카네이션 돈셀,생화,카네이션류,,,13000,,11,꽃동산-양재,릴리맥NC이스트폴점,
796,MF800084,카네이션 레드,생화,카네이션류,,,4500,레드,200,플라워팜,릴리맥NC이스트폴점,
797,MF800094,카네이션 마리포사,생화,카네이션류,,,13000,,3,꽃동산-양재,릴리맥NC이스트폴점,
798,MF800104,카네이션 문라이트,생화,카네이션류,,,13000,,5,꽃동산-양재,릴리맥NC이스트폴점,
799,MF800114,카네이션 버건디,생화,카네이션류,,,13000,,1,미지정,릴리맥NC이스트폴점,
800,MF800124,카네이션 보라,생화,카네이션류,,,15000,퍼플,4,꽃동산-양재,릴리맥NC이스트폴점,
801,MF800134,카네이션 블루,생화,카네이션류,,,15000,블루,7,꽃동산-양재,릴리맥NC이스트폴점,
802,MF800144,카네이션 연핑크 SP,생화,카네이션류,,,10500,핑크,1,미지정,릴리맥NC이스트폴점,
803,MF800154,카네이션 염색 인디,생화,카네이션류,,,15500,,1,미지정,릴리맥NC이스트폴점,
804,MF800164,카네이션 오렌지,생화,카네이션류,,,13000,,3,꽃동산-양재,릴리맥NC이스트폴점,
805,MF800174,카네이션 크림,생화,카네이션류,,,13000,흰색,7,꽃동산-양재,릴리맥NC이스트폴점,
806,MF800184,카네이션-옐로우,생화,카네이션류,,,13000,옐로우,4,꽃동산-양재,릴리맥NC이스트폴점,
807,MF800204,카네이션 크리미아,생화,카네이션류,,,11500,,1,월드플로라,릴리맥NC이스트폴점,
808,MF800214,카네이션 큐트,생화,카네이션류,,,13920,,1,월드플로라,릴리맥NC이스트폴점,
809,MF800224,카네이션 쥬리고,생화,카네이션류,,,11040,,1,월드플로라,릴리맥NC이스트폴점,
810,MF800234,카네이션 비젯,생화,카네이션류,,,11040,,1,월드플로라,릴리맥NC이스트폴점,
811,MF800244,카네이션 몬세뇨,생화,카네이션류,,,13920,,1,월드플로라,릴리맥NC이스트폴점,
812,MF800254,카네이션  리틀엔젤,생화,카네이션류,,,11040,,1,월드플로라,릴리맥NC이스트폴점,
813,MF900014,리시안 라벤더,생화,리시안서스류,,,8000,퍼플,1,미지정,릴리맥NC이스트폴점,
814,MF900024,리시안서스 보야주화이트,생화,리시안서스류,,,11500,흰색,1,미지정,릴리맥NC이스트폴점,
815,MF900034,리시안서스 샴페인,생화,리시안서스류,,,16500,,1,미지정,릴리맥NC이스트폴점,
816,MF900044,리시안서스 셀렙 피리티핑크,생화,리시안서스류,,,17000,핑크,2,루시플라워-양재,릴리맥NC이스트폴점,
817,MF900054,리시안서스 졸리핑크,생화,리시안서스류,,,7000,핑크,1,미지정,릴리맥NC이스트폴점,
818,MF900064,리시안서스 코레리라이트핑크,생화,리시안서스류,,,14000,핑크,2,일산플라워-양재,릴리맥NC이스트폴점,
819,MF900074,리시안서스 크로마화이트,생화,리시안서스류,,,18720,흰색,7,월드플로라,릴리맥NC이스트폴점,
820,MF900084,리시안서스 퓨어화이트,생화,리시안서스류,,,15500,흰색,1,미지정,릴리맥NC이스트폴점,
821,MF900094,리시안서스-화이트,생화,리시안서스류,,,13000,흰색,1,흰색,릴리맥NC이스트폴점,
822,MF900104,리시안셔스 그레이프 라벤더,생화,리시안서스류,,,18500,퍼플,1,미지정,릴리맥NC이스트폴점,
823,MF900134,리시안서스 클라리스핑크겹,생화,리시안서스류,,,14270,,1,꽃도매119,릴리맥NC이스트폴점,
824,MF900144,리시안서스 연핑크,생화,리시안서스류,,,18048,,1,월드플로라,릴리맥NC이스트폴점,
825,MM000014,화분 frp시멘트화분,바구니 / 화기,시멘트,,,20000,,2,제이앤데코,릴리맥NC이스트폴점,
826,MM000024,서양난 백조,기타,,ea,,14000,,1,한성난원,릴리맥NC이스트폴점,
827,MM100014,광택제,소모품 및 부자재,원예자재,,,15000,,3,미지정,릴리맥NC이스트폴점,
828,MM100024,그린킬,소모품 및 부자재,원예자재,,,2000,그린,10,미지정,릴리맥NC이스트폴점,
829,MM100034,난석 대,소모품 및 부자재,원예자재,,,6600,기타,7,제이앤데코,릴리맥NC이스트폴점,
830,MM100044,라바스톤 3-5,소모품 및 부자재,원예자재,,,14000,기타,1,유선농원,릴리맥NC이스트폴점,
831,MM100054,라바스톤 5-7,소모품 및 부자재,원예자재,,,14000,,1,미지정,릴리맥NC이스트폴점,
832,MM100064,마사토 중립,소모품 및 부자재,원예자재,,,5500,,2,유선농원-헌인,릴리맥NC이스트폴점,
833,MM100074,바크,소모품 및 부자재,원예자재,,,6500,,1,미지정,릴리맥NC이스트폴점,
834,MM100084,분갈이 흙 신기토 대,소모품 및 부자재,원예자재,,,5000,,2,제이앤데코,릴리맥NC이스트폴점,
835,MM100094,분갈이흙 진기토,소모품 및 부자재,원예자재,,,5250,,1,미지정,릴리맥NC이스트폴점,
836,MM100104,세척마사 중립,소모품 및 부자재,원예자재,,,7700,,3,미지정,릴리맥NC이스트폴점,
837,MM100114,오색돌,소모품 및 부자재,원예자재,,,10000,기타,1,유선농원,릴리맥NC이스트폴점,
838,MM100124,오아시스 프리미엄,소모품 및 부자재,원예자재,,,18700,,2,헌인자재-헌인,릴리맥NC이스트폴점,
839,MM100134,일반마사 중립,소모품 및 부자재,원예자재,,,5000,,1,유선농원,릴리맥NC이스트폴점,
840,MM100144,플로라라이프5ml,소모품 및 부자재,원예자재,,,16500,,1,미지정,릴리맥NC이스트폴점,
841,MM100154,하이퍼영양제,소모품 및 부자재,원예자재,,,4000,,10,미지정,릴리맥NC이스트폴점,
842,MM100164,화산석 5-10,소모품 및 부자재,원예자재,,,9000,,1,미지정,릴리맥NC이스트폴점,
843,MM100174,화산석1cm,소모품 및 부자재,원예자재,,,9000,,1,미지정,릴리맥NC이스트폴점,
844,MM100184,ok 분갈이흙,소모품 및 부자재,원예자재,,,5500,,3,화분왕국,릴리맥NC이스트폴점,
845,MM100194,싱싱코트,소모품 및 부자재,원예자재,,,16500,,2,유선농원,릴리맥NC이스트폴점,
846,MM200014,눈사람인형,소모품 및 부자재,데코자재,,,3170,,30,미지정,릴리맥NC이스트폴점,
847,MM200024,눈사람픽,소모품 및 부자재,데코자재,,,3000,기타,4,마티아,릴리맥NC이스트폴점,
848,MM200034,루돌프픽,소모품 및 부자재,데코자재,,,3900,,12,미지정,릴리맥NC이스트폴점,
849,MM200044,산타픽,소모품 및 부자재,데코자재,,,2880,기타,16,마티아,릴리맥NC이스트폴점,
850,MM200054,스케이팅 산타픽,소모품 및 부자재,데코자재,,,3200,,6,미지정,릴리맥NC이스트폴점,
851,MM200064,우드스텀프 대,소모품 및 부자재,데코자재,,,4730,,9,미지정,릴리맥NC이스트폴점,
852,MM200074,우드스텀프 소,소모품 및 부자재,데코자재,,,3850,,30,미지정,릴리맥NC이스트폴점,
853,MM200084,우드스텀프 특대,소모품 및 부자재,데코자재,,,6050,기타,10,현대데코,릴리맥NC이스트폴점,
854,MM200094,우드슬라이스 3사이즈,소모품 및 부자재,데코자재,,,4400,,6,미지정,릴리맥NC이스트폴점,
855,MM200104,진주가란드,소모품 및 부자재,데코자재,,,6600,기타,6,마티아,릴리맥NC이스트폴점,
856,MM200114,철제 메세지픽,소모품 및 부자재,데코자재,,,1310,,10,미지정,릴리맥NC이스트폴점,
857,MM200124,칼라스프레이-아이스블루,소모품 및 부자재,데코자재,,,6050,블루,1,미지정,릴리맥NC이스트폴점,
858,MM200134,하트꼬지,소모품 및 부자재,데코자재,,,1200,기타,3,헌인자재,릴리맥NC이스트폴점,
859,MM200144,한겹보자기,소모품 및 부자재,데코자재,,,2750,,3,미지정,릴리맥NC이스트폴점,
860,MM300014,물주머니용 위생백 소,소모품 및 부자재,포장재,,,2000,,1,미지정,릴리맥NC이스트폴점,
861,MM300024,미니털모자,소모품 및 부자재,포장재,,,2000,,1,미지정,릴리맥NC이스트폴점,
862,MM300034,쇼핑백 검정플라워백 대 (300*230*300),소모품 및 부자재,포장재,,,43000,,102,명성쇼핑백,릴리맥NC이스트폴점,
863,MM300044,쇼핑백 검정플라워백 소 (200*200*220),소모품 및 부자재,포장재,,,700,,0,명성쇼핑백,릴리맥NC이스트폴점,
864,MM300054,쇼핑백 검정플라워백 왕특대 350*350*370),소모품 및 부자재,포장재,,,1360,,0,명성쇼핑백,릴리맥NC이스트폴점,
865,MM300064,쇼핑백 검정플라워백 중 (250*250*270),소모품 및 부자재,포장재,,,38000,,102,명성쇼핑백,릴리맥NC이스트폴점,
866,MM300074,쇼핑백 크라프트 삼각화분백 소(180*100*200),소모품 및 부자재,포장재,,,23000,,51,명성쇼핑백,릴리맥NC이스트폴점,
867,MM300084,쇼핑백 크라프트 삼각화분백 중(230*110*260),소모품 및 부자재,포장재,,,600,,50,명성쇼핑백,릴리맥NC이스트폴점,
868,MM300094,쇼핑백 투명창 w5쇼핑백,소모품 및 부자재,포장재,,,715,기타,20,헌인자재,릴리맥NC이스트폴점,
869,MM300104,철사 갈색 빵끈,소모품 및 부자재,포장재,,,0,,0,미지정,릴리맥NC이스트폴점,
870,MM300114,철사 골드 빵끈,소모품 및 부자재,포장재,,,0,,0,미지정,릴리맥NC이스트폴점,
871,MM300124,철사 그린 빵끈,소모품 및 부자재,포장재,,,0,,0,미지정,릴리맥NC이스트폴점,
872,MM300134,철사 부케와이어 18,소모품 및 부자재,포장재,,,5500,,1,미지정,릴리맥NC이스트폴점,
873,MM300144,철사 부케와이어 20,소모품 및 부자재,포장재,,,0,,0,미지정,릴리맥NC이스트폴점,
874,MM300154,철사 부케와이어 22,소모품 및 부자재,포장재,,,0,,0,미지정,릴리맥NC이스트폴점,
875,MM300164,철사 부케와이어 24,소모품 및 부자재,포장재,,,0,,0,미지정,릴리맥NC이스트폴점,
876,MM300174,철사 부케와이어 26,소모품 및 부자재,포장재,,,0,,0,미지정,릴리맥NC이스트폴점,
877,MM300184,철사 지철사 갈색,소모품 및 부자재,포장재,,,0,,0,미지정,릴리맥NC이스트폴점,
878,MM300194,철사 지철사 그린,소모품 및 부자재,포장재,,,5500,,1,미지정,릴리맥NC이스트폴점,
879,MM300204,철사 지철사 화이트,소모품 및 부자재,포장재,,,0,,0,미지정,릴리맥NC이스트폴점,
880,MM300214,테이프 플로럴테이프 갈색,소모품 및 부자재,포장재,,,0,,0,미지정,릴리맥NC이스트폴점,
881,MM300224,테이프 플로럴테이프 그린,소모품 및 부자재,포장재,,,0,,0,미지정,릴리맥NC이스트폴점,
882,MM300234,테이프 플로럴테이프 화이트,소모품 및 부자재,포장재,,,0,,0,미지정,릴리맥NC이스트폴점,
883,MM300244,포장지 부직롤 레드,소모품 및 부자재,포장재,,,3300,,8,미지정,릴리맥NC이스트폴점,
884,MM300254,포장지 부직롤 화이트,소모품 및 부자재,포장재,,,3299,,15,헌인자재-헌인,릴리맥NC이스트폴점,
885,MM300264,포장지 색화지,소모품 및 부자재,포장재,,,12100,,3,헌인자재-헌인,릴리맥NC이스트폴점,
886,MM300274,포장지 프랜즈 화이트,소모품 및 부자재,포장재,,,4500,,6,헌인자재-헌인,릴리맥NC이스트폴점,
887,MM300284,포장지 플러드 2 1 연핑크,소모품 및 부자재,포장재,,,4950,,5,미지정,릴리맥NC이스트폴점,
888,MM300294,포장지 플러드 2 10 하늘색,소모품 및 부자재,포장재,,,4950,,5,미지정,릴리맥NC이스트폴점,
889,MM300304,포장지 플러드 2 18 블랙,소모품 및 부자재,포장재,,,4950,,6,헌인자재-헌인,릴리맥NC이스트폴점,
890,MM300314,포장지 플러드 2 23 피치,소모품 및 부자재,포장재,,,4950,,5,미지정,릴리맥NC이스트폴점,
891,MM300324,포장지 플러드 2 29 핑크,소모품 및 부자재,포장재,,,4950,,5,미지정,릴리맥NC이스트폴점,
892,MM300334,포장지 플러드 2 30 노랑,소모품 및 부자재,포장재,,,4950,,5,미지정,릴리맥NC이스트폴점,
893,MM300344,포장지 플러드 2 4 화이트,소모품 및 부자재,포장재,,,4950,,15,헌인자재-헌인,릴리맥NC이스트폴점,
894,MM300354,포장지 플러드 2 42 연핑크,소모품 및 부자재,포장재,,,4950,,5,미지정,릴리맥NC이스트폴점,
895,MM300364,포장지 플러드 2 52 오렌지,소모품 및 부자재,포장재,,,4950,,5,미지정,릴리맥NC이스트폴점,
896,MM300374,포장지 플러드 2 54 녹색,소모품 및 부자재,포장재,,,4950,,5,미지정,릴리맥NC이스트폴점,
897,MM300384,포장지 플러드 2 55 연보라,소모품 및 부자재,포장재,,,4950,,5,미지정,릴리맥NC이스트폴점,
898,MM300394,포장지 플러드 2 57 크림,소모품 및 부자재,포장재,,,4950,,5,미지정,릴리맥NC이스트폴점,
899,MM300404,포장지 플러드 2 59 노랑,소모품 및 부자재,포장재,,,4950,,5,미지정,릴리맥NC이스트폴점,
900,MM300414,포장지 플러드 2 6 바이올렛,소모품 및 부자재,포장재,,,4950,,5,미지정,릴리맥NC이스트폴점,
901,MM300424,포장지 플러드 2 7 올리브,소모품 및 부자재,포장재,,,4950,,5,미지정,릴리맥NC이스트폴점,
902,MM300434,포장지 플러드 더블,소모품 및 부자재,포장재,,,11000,기타,7,헌인자재-헌인,릴리맥NC이스트폴점,
903,MM300444,포장지 플로드1 1 연핑크,소모품 및 부자재,포장재,,,7150,,4,헌인자재-헌인,릴리맥NC이스트폴점,
904,MM300454,포장지 플로드1 11 그린,소모품 및 부자재,포장재,,,4500,,3,미지정,릴리맥NC이스트폴점,
905,MM300464,포장지 플로드1 14 레드,소모품 및 부자재,포장재,,,4500,,3,미지정,릴리맥NC이스트폴점,
906,MM300474,포장지 플로드1 18 연하늘,소모품 및 부자재,포장재,,,4500,,3,미지정,릴리맥NC이스트폴점,
907,MM300484,포장지 플로드1 19 진하늘,소모품 및 부자재,포장재,,,4500,,3,미지정,릴리맥NC이스트폴점,
908,MM300494,포장지 플로드1 28 반투명,소모품 및 부자재,포장재,,,4500,,5,헌인자재-헌인,릴리맥NC이스트폴점,
909,MM300504,포장지 플로드1 3 계란색,소모품 및 부자재,포장재,,,7150,,5,헌인자재-헌인,릴리맥NC이스트폴점,
910,MM300514,포장지 플로드1 34 블랙,소모품 및 부자재,포장재,,,4500,,3,미지정,릴리맥NC이스트폴점,
911,MM300524,포장지 플로드1 35 핑크,소모품 및 부자재,포장재,,,4500,,3,미지정,릴리맥NC이스트폴점,
912,MM300534,포장지 플로드1 4 흰색,소모품 및 부자재,포장재,,,7150,화이트,4,헌인자재-헌인,릴리맥NC이스트폴점,
913,MM300544,포장지 플로드1 40 청색,소모품 및 부자재,포장재,,,4500,,3,미지정,릴리맥NC이스트폴점,
914,MM300554,포장지 플로드1 45 쿨그레이,소모품 및 부자재,포장재,,,4500,,3,미지정,릴리맥NC이스트폴점,
915,MM300564,포장지 플로드1 46 웜그레이,소모품 및 부자재,포장재,,,4500,,3,미지정,릴리맥NC이스트폴점,
916,MM300574,포장지 플로드1 48 피치,소모품 및 부자재,포장재,,,7150,,4,헌인자재-헌인,릴리맥NC이스트폴점,
917,MM300584,포장지 플로드1 6 연보라,소모품 및 부자재,포장재,,,4500,,3,미지정,릴리맥NC이스트폴점,
918,MM300594,포장지 피오레,소모품 및 부자재,포장재,,,4500,,1,미지정,릴리맥NC이스트폴점,
919,MM300604,OPP더블58CM,소모품 및 부자재,포장재,,,15400,,3,헌인자재-헌인,릴리맥NC이스트폴점,
920,MM300614,opp라지,소모품 및 부자재,포장재,,,10500,기타,1,헌인자재,릴리맥NC이스트폴점,
921,MM300624,OPP롤 58cm,소모품 및 부자재,포장재,,,0,,0,미지정,릴리맥NC이스트폴점,
922,MM300634,OPP롤 더블 58cm,소모품 및 부자재,포장재,,,0,,0,미지정,릴리맥NC이스트폴점,
923,MM300644,쇼핑백 크라프트 삼각화분백 대(255*130*350),소모품 및 부자재,포장재,,,32000,,2,명성쇼핑백,릴리맥NC이스트폴점,
924,MM300654,쇼핑백 검정플라워백 미니(185*185*190),소모품 및 부자재,포장재,,,30000,,2,명성쇼핑백,릴리맥NC이스트폴점,
925,MM300784,무광 더블 연핑크,소모품 및 부자재,포장재,ea,,6050,,1,헌인꽃자재,릴리맥NC이스트폴점,
926,MM400014,리본 글씨(프린트) 리본 3.8cm 크림,소모품 및 부자재,리본/텍,,,0,,0,미지정,릴리맥NC이스트폴점,
927,MM400024,리본 글씨(프린트) 리본 3.8cm 핑크,소모품 및 부자재,리본/텍,,,4950,,14,헌인자재-헌인,릴리맥NC이스트폴점,
928,MM400034,리본 글씨(프린트) 리본 4.5cm 크림,소모품 및 부자재,리본/텍,,,5500,기타,10,헌인자재,릴리맥NC이스트폴점,
929,MM400044,리본 글씨(프린트) 리본 4.5cm 핑크,소모품 및 부자재,리본/텍,,,0,,0,미지정,릴리맥NC이스트폴점,
930,MM400054,리본 글씨(프린트) 리본 6.5cm 크림,소모품 및 부자재,리본/텍,,,0,,0,미지정,릴리맥NC이스트폴점,
931,MM400064,리본 글씨(프린트) 리본 6.5cm 핑크,소모품 및 부자재,리본/텍,,,0,,0,미지정,릴리맥NC이스트폴점,
932,MM400074,리본 로고리본 1.5cm,소모품 및 부자재,리본/텍,,,0,,0,미지정,릴리맥NC이스트폴점,
933,MM400084,리본 로고리본 1cm,소모품 및 부자재,리본/텍,,,0,,0,미지정,릴리맥NC이스트폴점,
934,MM400094,리본 로고리본 2.5cm,소모품 및 부자재,리본/텍,,,0,,0,미지정,릴리맥NC이스트폴점,
935,MM400104,리본 벨벳 1cm  그린,소모품 및 부자재,리본/텍,,,0,,0,미지정,릴리맥NC이스트폴점,
936,MM400114,리본 벨벳 1cm  레드,소모품 및 부자재,리본/텍,,,0,,0,미지정,릴리맥NC이스트폴점,
937,MM400124,리본 샤무드 피치,소모품 및 부자재,리본/텍,,,6050,,4,미지정,릴리맥NC이스트폴점,
938,MM400134,리본 샤무드 핑크,소모품 및 부자재,리본/텍,,,6050,,4,미지정,릴리맥NC이스트폴점,
939,MM400144,리본 샤무드 하늘색,소모품 및 부자재,리본/텍,,,6050,,4,미지정,릴리맥NC이스트폴점,
940,MM400154,리본 샤무드 화이트,소모품 및 부자재,리본/텍,,,6050,,4,미지정,릴리맥NC이스트폴점,
941,MM400164,리본 주자 1.5cm 골드,소모품 및 부자재,리본/텍,,,3300,,0,미지정,릴리맥NC이스트폴점,
942,MM400174,리본 주자 1.5cm 블루,소모품 및 부자재,리본/텍,,,3300,,2,헌인자재-헌인,릴리맥NC이스트폴점,
943,MM400184,리본 주자 1.5cm 연보라,소모품 및 부자재,리본/텍,,,3300,,0,미지정,릴리맥NC이스트폴점,
944,MM400194,리본 주자 1.5cm 연핑크,소모품 및 부자재,리본/텍,,,3300,,0,미지정,릴리맥NC이스트폴점,
945,MM400204,리본 주자 1.5cm 하늘,소모품 및 부자재,리본/텍,,,3300,,0,미지정,릴리맥NC이스트폴점,
946,MM400214,리본 주자 1cm 블루,소모품 및 부자재,리본/텍,,,0,,0,미지정,릴리맥NC이스트폴점,
947,MM400224,리본 주자 1cm 연보라,소모품 및 부자재,리본/텍,,,0,,0,미지정,릴리맥NC이스트폴점,
948,MM400234,리본 주자 1cm 크림,소모품 및 부자재,리본/텍,,,0,,0,미지정,릴리맥NC이스트폴점,
949,MM400244,리본 주자 2.5cm 레드,소모품 및 부자재,리본/텍,,,3500,,0,미지정,릴리맥NC이스트폴점,
950,MM400254,리본 주자 2.5cm 연핑크 ,소모품 및 부자재,리본/텍,,,3500,,0,미지정,릴리맥NC이스트폴점,
951,MM400264,리본 주자 2.5cm 연핑크 ,소모품 및 부자재,리본/텍,,,3500,,0,미지정,릴리맥NC이스트폴점,
952,MM400274,리본 주자 2.5cm 크림,소모품 및 부자재,리본/텍,,,3500,,0,미지정,릴리맥NC이스트폴점,
953,MM400284,리본 주자 2.5cm 피치,소모품 및 부자재,리본/텍,,,3500,,0,미지정,릴리맥NC이스트폴점,
954,MM400294,리본 주자 2.5cm 하늘,소모품 및 부자재,리본/텍,,,3500,,0,미지정,릴리맥NC이스트폴점,
955,MM400304,리본 주자 4cm 그린,소모품 및 부자재,리본/텍,,,5500,,0,미지정,릴리맥NC이스트폴점,
956,MM400314,리본 주자 4cm 레드,소모품 및 부자재,리본/텍,,,5500,,0,미지정,릴리맥NC이스트폴점,
957,MM400324,리본 주자 4cm 블루,소모품 및 부자재,리본/텍,,,5500,,0,미지정,릴리맥NC이스트폴점,
958,MM400334,리본 주자 4cm 연핑크 ,소모품 및 부자재,리본/텍,,,5500,,0,미지정,릴리맥NC이스트폴점,
959,MM400344,리본 주자 4cm 피치,소모품 및 부자재,리본/텍,,,5500,,0,미지정,릴리맥NC이스트폴점,
960,MM400354,리본 주자 4cm 하늘,소모품 및 부자재,리본/텍,,,5500,,0,미지정,릴리맥NC이스트폴점,
961,MM400364,리본 컬링 연보라,소모품 및 부자재,리본/텍,,,0,,0,미지정,릴리맥NC이스트폴점,
962,MM400374,리본 컬링 옐로우,소모품 및 부자재,리본/텍,,,0,,0,미지정,릴리맥NC이스트폴점,
963,MM400384,리본 컬링 피치,소모품 및 부자재,리본/텍,,,0,,0,미지정,릴리맥NC이스트폴점,
964,MM400394,리본 컬링 핑크,소모품 및 부자재,리본/텍,,,0,,0,미지정,릴리맥NC이스트폴점,
965,MM400404,리본 컬링 하늘,소모품 및 부자재,리본/텍,,,0,,0,미지정,릴리맥NC이스트폴점,
966,MM400414,포리주자 4.0,소모품 및 부자재,리본/텍,,,5500,,3,미지정,릴리맥NC이스트폴점,
967,MM400424,리본 주자 1.5CM 블랙,소모품 및 부자재,리본/텍,,,3300,,3,남서울화훼자재,릴리맥NC이스트폴점,
968,MM500014,핸드워시리필,소모품 및 부자재,기타,,,2000,,1,미지정,릴리맥NC이스트폴점,
969,MP000014,선인장 밍크선인장 완제,식물,선인장,,,45000,그린,7,채아네가든,릴리맥NC이스트폴점,
970,MP000024,선인장 축전 분화,식물,선인장,,,2000,,3,미지정,릴리맥NC이스트폴점,
971,MP100014,개나리자스민,식물,관엽소형,,,3500,기타,4,세자매농원-과천,릴리맥NC이스트폴점,
972,MP100024,거북알로카시아,식물,관엽소형,,,2500,기타,2,세자매농원,릴리맥NC이스트폴점,
973,MP100034,골풀 포트,식물,관엽소형,,,2500,,2,미지정,릴리맥NC이스트폴점,
974,MP100044,괴마옥,식물,관엽소형,,,3500,기타,5,세자매농원-과천,릴리맥NC이스트폴점,
975,MP100054,구상나무,식물,관엽소형,,,8000,,1,미지정,릴리맥NC이스트폴점,
976,MP100064,금전수 포트 소,식물,관엽소형,,,3000,기타,19,세종식물원-헌인,릴리맥NC이스트폴점,
977,MP100074,나한송,식물,관엽소형,,,2000,,2,미지정,릴리맥NC이스트폴점,
978,MP100084,다육 미니 포트,식물,관엽소형,,,600,,40,한스농원,릴리맥NC이스트폴점,
979,MP100094,디시디아,식물,관엽소형,,,5000,,2,미지정,릴리맥NC이스트폴점,
980,MP100104,마오리소포라,식물,관엽소형,,,14000,,2,세종식물원,릴리맥NC이스트폴점,
981,MP100114,몬스테라 분화,식물,관엽소형,,,2500,,4,세자매농원-과천,릴리맥NC이스트폴점,
982,MP100124,몬스테라 히메 분화,식물,관엽소형,,,2500,,6,미지정,릴리맥NC이스트폴점,
983,MP100134,무늬아이비 분화 포트 소,식물,관엽소형,,,3000,,2,미지정,릴리맥NC이스트폴점,
984,MP100144,무늬크로톤 분화 포트 소,식물,관엽소형,,,2500,,2,미지정,릴리맥NC이스트폴점,
985,MP100154,무늬홍콩 포트 소,식물,관엽소형,,,2000,기타,2,수림원,릴리맥NC이스트폴점,
986,MP100164,문샤인 포트,식물,관엽소형,,,4000,,4,미지정,릴리맥NC이스트폴점,
987,MP100174,바로크벤자민 포트,식물,관엽소형,,,3500,,2,미지정,릴리맥NC이스트폴점,
988,MP100184,백아이비,식물,관엽소형,,,2000,기타,2,진성농원,릴리맥NC이스트폴점,
989,MP100194,벤자민고무나무완제,식물,관엽소형,,,12000,기타,2,채아네가든,릴리맥NC이스트폴점,
990,MP100204,보석금전수,식물,관엽소형,,,8000,,8,세종식물원,릴리맥NC이스트폴점,
991,MP100214,보석금전수포트 소,식물,관엽소형,,,8000,,5,세종식물원-헌인,릴리맥NC이스트폴점,
992,MP100224,산초 포트 소,식물,관엽소형,,,2500,,3,미지정,릴리맥NC이스트폴점,
993,MP100234,수채화고무나무 분화,식물,관엽소형,,,2500,,2,미지정,릴리맥NC이스트폴점,
994,MP100244,스칸디아모스,식물,관엽소형,,,7000,,15,미지정,릴리맥NC이스트폴점,
995,MP100254,스킨답서스 소 포트,식물,관엽소형,,,3500,기타,2,진성농원,릴리맥NC이스트폴점,
996,MP100264,스투키 소 분화,식물,관엽소형,,,3000,,13,세종식물원-헌인,릴리맥NC이스트폴점,
997,MP100274,아라우카리아 포트 소,식물,관엽소형,,,4000,,2,미지정,릴리맥NC이스트폴점,
998,MP100284,아이비 포트,식물,관엽소형,,,2200,,2,미지정,릴리맥NC이스트폴점,
999,MP100294,안스리움 포트 소 레드,식물,관엽소형,,,5000,레드,6,수림원,릴리맥NC이스트폴점,
1000,MP100304,안시리움 미니 레드,식물,관엽소형,,,4000,레드,2,미지정,릴리맥NC이스트폴점,
1001,MP100314,올리브나무포트 소,식물,관엽소형,,,2500,기타,3,세자매농원,릴리맥NC이스트폴점,
1002,MP100324,은행목 포트,식물,관엽소형,,,6000,,2,미지정,릴리맥NC이스트폴점,
1003,MP100334,이오난사,식물,관엽소형,,,1000,,5,미지정,릴리맥NC이스트폴점,
1004,MP100344,죽백 분화 포트,식물,관엽소형,,,2500,,6,세자매농원-과천,릴리맥NC이스트폴점,
1005,MP100354,준쿠스,식물,관엽소형,,,13000,,2,미지정,릴리맥NC이스트폴점,
1006,MP100364,지리홍 분화,식물,관엽소형,,,3500,,4,미지정,릴리맥NC이스트폴점,
1007,MP100374,천냥금 포트,식물,관엽소형,,,2000,,6,진성농원-과천,릴리맥NC이스트폴점,
1008,MP100384,청아이비 포트,식물,관엽소형,,,2000,,6,진성농원-과천,릴리맥NC이스트폴점,
1009,MP100394,춘봉,식물,관엽소형,,,7000,기타,2,수립원,릴리맥NC이스트폴점,
1010,MP100404,측백,식물,관엽소형,,,7000,,2,미지정,릴리맥NC이스트폴점,
1011,MP100414,카네이션포트 레드,식물,관엽소형,,,4500,레드,20,미지정,릴리맥NC이스트폴점,
1012,MP100424,카네이션포트 핑크,식물,관엽소형,,,5000,핑크,20,미지정,릴리맥NC이스트폴점,
1013,MP100434,커피나무 포트,식물,관엽소형,,,2000,,4,미지정,릴리맥NC이스트폴점,
1014,MP100444,크로톤 포트,식물,관엽소형,,,2500,기타,2,세자매농원-과천,릴리맥NC이스트폴점,
1015,MP100454,크로톤 포트 소,식물,관엽소형,,,2500,,2,미지정,릴리맥NC이스트폴점,
1016,MP100464,크루시아,식물,관엽소형,,,2000,,8,미지정,릴리맥NC이스트폴점,
1017,MP100474,테이블데코쌍장,식물,관엽소형,,,990,,5,미지정,릴리맥NC이스트폴점,
1018,MP100484,테이블야자,식물,관엽소형,,,1500,기타,4,진성농원,릴리맥NC이스트폴점,
1019,MP100494,팻츠헤데라 포트 소  담쟁이과,식물,관엽소형,,,4000,,2,미지정,릴리맥NC이스트폴점,
1020,MP100504,페페 분화,식물,관엽소형,,,2000,,2,미지정,릴리맥NC이스트폴점,
1021,MP100514,피토니아-레드스타 포트,식물,관엽소형,,,2000,레드,2,진성농원,릴리맥NC이스트폴점,
1022,MP100524,피토니아-화이트 스타 포트,식물,관엽소형,,,2000,레드,2,진성농원,릴리맥NC이스트폴점,
1023,MP100534,하트호야,식물,관엽소형,,,3000,,18,세종식물원-헌인,릴리맥NC이스트폴점,
1024,MP100544,행운목 수경,식물,관엽소형,,,1200,,15,효성농원,릴리맥NC이스트폴점,
1025,MP100554,호야 포트 소,식물,관엽소형,,,2000,,4,미지정,릴리맥NC이스트폴점,
1026,MP100564,홍콩야자나무 포트 칼라홍콩,식물,관엽소형,,,2000,,2,미지정,릴리맥NC이스트폴점,
1027,MP100574,휘토니아,식물,관엽소형,,,2500,,4,미지정,릴리맥NC이스트폴점,
1028,MP100584,휘토니아그린(포트),식물,관엽소형,,,2300,그린,2,미지정,릴리맥NC이스트폴점,
1029,MP100594,휘토니아레드(포트),식물,관엽소형,,,2300,레드,2,미지정,릴리맥NC이스트폴점,
1030,MP100604,히메 몬스테라,식물,관엽소형,,,3000,기타,2,강남농원,릴리맥NC이스트폴점,
1031,MP100614,프랑스고무나무 포트,식물,관엽소형,,,2500,,2,진성농원-과천,릴리맥NC이스트폴점,
1032,MP200014,녹보수 포트 대,식물,관엽중형,,,28000,,1,미지정,릴리맥NC이스트폴점,
1033,MP200024,도쿠리난(완),식물,관엽중형,,,15000,기타,1,송광농원,릴리맥NC이스트폴점,
1034,MP200034,루비고무나무 완제-시멘트분,식물,관엽중형,,,28000,기타,2,채아네가든,릴리맥NC이스트폴점,
1035,MP200044,만냥금,식물,관엽중형,,,25000,기타,1,채아네,릴리맥NC이스트폴점,
1036,MP200054,몬스테라(완),식물,관엽중형,,,25000,Green,21,플라워팜,릴리맥NC이스트폴점,
1037,MP200064,바로크벤자민 포트,식물,관엽중형,,,15000,기타,1,송광농원,릴리맥NC이스트폴점,
1038,MP200074,뱅갈-유로스톤 중 완제,식물,관엽중형,,,25000,,2,미지정,릴리맥NC이스트폴점,
1039,MP200084,뱅갈고무나무 중 완제,식물,관엽중형,,,20000,기타,1,낙타농원,릴리맥NC이스트폴점,
1040,MP200094,뱅갈원형 완제,식물,관엽중형,,,35000,,3,채아네가든,릴리맥NC이스트폴점,
1041,MP200104,벤자민고무나무완제 중,식물,관엽중형,,,25000,,1,미지정,릴리맥NC이스트폴점,
1042,MP200114,보석금전수포트 중,식물,관엽중형,,,15000,,16,세종식물원-헌인,릴리맥NC이스트폴점,
1043,MP200124,셀렘 포트 중,식물,관엽중형,,,13000,,1,미지정,릴리맥NC이스트폴점,
1044,MP200134,스노우 사파이어 포트 중,식물,관엽중형,,,7000,,2,미지정,릴리맥NC이스트폴점,
1045,MP200144,스노우사파이어 포트,식물,관엽중형,,,7000,흰색,4,세종식물원,릴리맥NC이스트폴점,
1046,MP200154,스투키 중품 완제,식물,관엽중형,,,30000,,1,미지정,릴리맥NC이스트폴점,
1047,MP200164,아악무,식물,관엽중형,,,8000,,2,미지정,릴리맥NC이스트폴점,
1048,MP200174,안스리움 포트,식물,관엽중형,,,9000,기타,4,진성농원,릴리맥NC이스트폴점,
1049,MP200184,안스리움 포트 중 로얄핑크,식물,관엽소형,,,9000,핑크,6,수림원-과천,릴리맥NC이스트폴점,
1050,MP200194,인삼팬더 고무나무 중,식물,관엽중형,,,25000,기타,3,채아네,릴리맥NC이스트폴점,
1051,MP200204,칼라벤자민 포트,식물,관엽중형,,,6000,,2,미지정,릴리맥NC이스트폴점,
1052,MP200214,콤팩타 분화(완),식물,관엽중형,,,25000,,1,미지정,릴리맥NC이스트폴점,
1053,MP200224,콩고 포트,식물,관엽중형,,,6000,기타,2,세종식물원,릴리맥NC이스트폴점,
1054,MP200234,타마린드 포트,식물,관엽중형,,,17000,,1,미지정,릴리맥NC이스트폴점,
1055,MP200244,파키라 분화,식물,관엽중형,,,12000,,7,미지정,릴리맥NC이스트폴점,
1056,MP200254,팬다 완제,식물,관엽중형,,,35000,,2,미지정,릴리맥NC이스트폴점,
1057,MP200264,펜더고무나무(완),식물,관엽중형,,,25000,,2,미지정,릴리맥NC이스트폴점,
1058,MP200274,포인세티아,식물,관엽중형,,,2500,,5,미지정,릴리맥NC이스트폴점,
1059,MP200284,포인세티아 레드 포트,식물,관엽중형,,,2700,레드,5,진성농원,릴리맥NC이스트폴점,
1060,MP200294,프랑스고무나무 포트,식물,관엽중형,,,12000,,2,미지정,릴리맥NC이스트폴점,
1061,MP200304,프랑스고무나무 포트,식물,관엽소형,,,2500,,4,진성농원-과천,릴리맥NC이스트폴점,
1062,MP200314,행운목 포트,식물,관엽중형,,,18000,,1,미지정,릴리맥NC이스트폴점,
1063,MP200324,홍콩야자 포트 중,식물,관엽중형,,,13000,,1,미지정,릴리맥NC이스트폴점,
1064,MP200334,화시아타(완),식물,관엽중형,,,30000,,4,미지정,릴리맥NC이스트폴점,
1065,MP200344,화시아타포트,식물,관엽중형,,,12000,기타,5,강남농원,릴리맥NC이스트폴점,
1066,MP200354,휘커스움베르타 분화,식물,관엽중형,,,7000,,5,미지정,릴리맥NC이스트폴점,
1067,MP200364,휘커스움베르타-유로스톤,식물,관엽중형,,,25000,기타,2,채아네가든,릴리맥NC이스트폴점,
1068,MP300014,금전수 대품,식물,관엽대형,,,100000,,1,미지정,릴리맥NC이스트폴점,
1069,MP300024,금전수(완),식물,관엽대형,,,1,,1,미지정,릴리맥NC이스트폴점,
1070,MP300034,녹보수 대 (완),식물,관엽대형,,,82000,,1,미지정,릴리맥NC이스트폴점,
1071,MP300044,드라코 대품 포트,식물,관엽대형,,,65000,,1,미지정,릴리맥NC이스트폴점,
1072,MP300054,떡갈고무나무(완),식물,관엽대형,,,58000,,2,채아네가든,릴리맥NC이스트폴점,
1073,MP300064,마지나타,식물,관엽대형,,,25000,기타,1,낙타농원,릴리맥NC이스트폴점,
1074,MP300074,마지나타 레인보우 포트 대,식물,관엽대형,,,30000,,1,미지정,릴리맥NC이스트폴점,
1075,MP300084,뱅갈 고무나무 대품 완제,식물,관엽대형,,,60000,기타,1,채아네가든,릴리맥NC이스트폴점,
1076,MP300094,스투키 대 분화,식물,관엽대형,,,12000,,4,미지정,릴리맥NC이스트폴점,
1077,MP300104,스투키 대품 완제,식물,관엽대형,,,67000,,1,미지정,릴리맥NC이스트폴점,
1078,MP300114,여인초 완제 대,식물,관엽대형,,,75000,,2,채아네가든,릴리맥NC이스트폴점,
1079,MP600014,만천홍 분화,식물,서양란,,,55000,,30,미지정,릴리맥NC이스트폴점,
1080,MP600024,백조호접포트,식물,서양란,,,11000,,1,미지정,릴리맥NC이스트폴점,
1081,MP600034,서양난 라디아타,식물,서양란,,,18000,기타,1,억불농원,릴리맥NC이스트폴점,
1082,MP600044,서양난 르네,식물,서양란,,,8000,,7,한성난원-양재,릴리맥NC이스트폴점,
1083,MP600054,서양난 보자기난,식물,관엽중형,,,25000,,6,한성난원-양재,릴리맥NC이스트폴점,
1084,MP600064,서양난 블루베리,식물,서양란,,,9000,블루,1,미지정,릴리맥NC이스트폴점,
1085,MP600074,서양난 블루사파이어,식물,서양란,,,12000,블루,2,한성난원,릴리맥NC이스트폴점,
1086,MP600084,서양난 선셋,식물,서양란,,,13000,,2,한성난원,릴리맥NC이스트폴점,
1087,MP600094,서양난 엘레강스,식물,서양란,,,13000,기타,2,한성난원,릴리맥NC이스트폴점,
1088,MP600104,서양난 오렌지,식물,서양란,,,13000,오렌지,4,한성난원,릴리맥NC이스트폴점,
1089,MP600114,서양난 줄링,식물,서양란,,,22000,,1,미지정,릴리맥NC이스트폴점,
1090,MP600124,서양난 피치오렌지,식물,서양란,,,9000,핑크,3,미지정,릴리맥NC이스트폴점,
1091,MP600134,서양란 에일리,식물,서양란,,,12000,기타,1,한성난원,릴리맥NC이스트폴점,
1092,MP600144,호접난 포트,식물,서양란,,,10000,,2,한성난원,릴리맥NC이스트폴점,
1093,MP700014,동양난 투각분 완제,식물,동양란,,,33000,,2,미지정,릴리맥NC이스트폴점,
1094,MP700024,동양난포트,식물,동양란,,,25000,,2,미지정,릴리맥NC이스트폴점,
1095,MP700034,황룡투각,식물,동양란,,,20000,,2,미지정,릴리맥NC이스트폴점,
1096,MPD00014,장미 포트,식물,기타식물,,,5000,,20,대박농원,릴리맥NC이스트폴점,
1097,MR400014,수국 프리저브드 3 라이트레드,프리저브드,폼플라워,,,7700,레드,19,헌인자재,릴리맥NC이스트폴점,
1098,MR400024,프리저브드 수국 11 진블루,프리저브드,폼플라워,,,7700,블루,0,미지정,릴리맥NC이스트폴점,
1099,MR400034,프리저브드 수국 13 연보라,프리저브드,폼플라워,,,7700,보라,0,미지정,릴리맥NC이스트폴점,
1100,MR400044,프리저브드 수국 21 라이트오렌지,프리저브드,폼플라워,,,7700,주황,0,미지정,릴리맥NC이스트폴점,
1101,MR400054,프리저브드 수국 4  핫핑크,프리저브드,폼플라워,,,7700,핑크,0,미지정,릴리맥NC이스트폴점,
1102,MR400064,프리저브드 수국 6  진핑크,프리저브드,폼플라워,,,7700,핑크,0,미지정,릴리맥NC이스트폴점,
1103,MR400074,프리저브드 수국 8 연블루,프리저브드,폼플라워,,,7700,블루,0,미지정,릴리맥NC이스트폴점,